IoC,Type
76c3d2092737d964dfd627f1ced0af80,FileHash1
cb9e18e21226a89ce2c26c695a989e0d,FileHash1
61d1a5b8f242706a39d06316e4c66b01141b4ab3,FileHash2
ec062c8c6e77808ee2b3573f91eede294d572509,FileHash2
bffe910904efd1f69544daa9b72f2a70fb29f73c51070bde4ea563de862ce4b1,FileHash3
f78cabf7a0e7ed3ef2d1c976c1486281f56a6503354b87219b466f2f7a0b65c4,FileHash3
04d0856afb1aa9168377d6aa579c5403,FileHash1
2d1f1132ab7e80a6a8546dd2ac45bd89,FileHash1
792370eb01e16ac3dc511143932d0e1d,FileHash1
b4c9b903dfd18bd67a3824b0109f955b,FileHash1
2ed1310385a61857befac8cf59efc44a2de42061,FileHash2
7576b60c5dee32d3783cede9e3fd347a0f84c052,FileHash2
a3555a77826df6c8b2886cc0f40e7d7a2bd99610,FileHash2
f3b774e921eaad9335b9c057dd49b918c5dae4a6,FileHash2
d3a402458682c4febacc6ae4bc98e15e92142603a97d51316eeee9e8bca77f88,FileHash3
e637c86ae20a7f36a0ad43618b00c48f47b5591a03af3fb689a16c45afa43733,FileHash3
f226086b5959eb96bd30dec0ffcbf0f09186cd11721507f416f1c39901addafb,FileHash3
f6827dc5af661fbb4bf64bc625c78283ef836c6985bb2bfb836bd0c8d5397332,FileHash3
CVE-2023-42793,Vuln
00a63a302dcaffc9f28826e9dba30e03,FileHash1
02cbd4f82d54cade8e78521396c928cb,FileHash1
02e319af73a33547343b71d5cb1064bc,FileHash1
05957d98a75c04597649295dc846682d,FileHash1
05b6f459be513bf6120e9b2b85f6c844,FileHash1
0a4bb3c47c527ff1cd8b53fbe0dcd159,FileHash1
0c75ecf9f4943de4269ccf98d7391303,FileHash1
0dab8ad32f7ed4703b9217837c91cca7,FileHash1
0eb96403d1651014939097f3ced912a4,FileHash1
0f72565db68e110551a8c598c3c54159,FileHash1
124f4406e1f65d734f1f7430142f6f15,FileHash1
1298d7d99ec584e9aa33d281f5f1864b,FileHash1
1408fc1f200fb5b6396351c65c293f06,FileHash1
17ab2927a235a0b98480945285767bcf,FileHash1
1a536709554860fcc2c147374556205d,FileHash1
1be7b419b7044fa58558fb084646af20,FileHash1
1ce5a5cd33ca7a31c29f5b0117391320,FileHash1
1d5ad4a60ec9be32c11ad99f234bfe8f,FileHash1
1da7c4f8368cdc8cf054e3f3ef560ec8,FileHash1
21e9ddd5753363c9a1f36240f989d3a9,FileHash1
22a968beda8a033eb31ae175b7e0a937,FileHash1
2677f9871cb340750e582cb677d40e81,FileHash1
2690a623a402a07ed0544a8e965fdea4,FileHash1
26fbb7b92664214d87a7d1aec1f69294,FileHash1
2bf5603d32b01a4a6932a01517452d0c,FileHash1
2e8498a098fd04d28ee900521de053b3,FileHash1
365d95c0d0659a1081488460eadf8159,FileHash1
3934696b4640069f357c788ff3508f4f,FileHash1
3994626f17999bae99a37c4f70f87f04,FileHash1
3ae6503e836b295955a828a76ce2efa7,FileHash1
3d145e7327fc8c3cd4c3ba95789dcc7b,FileHash1
3ee586218d6e794a995ba89aac7dd3cf,FileHash1
40116e24a4cbd01af4d2637cf9008f54,FileHash1
407decd1a87626287603f2f07152647d,FileHash1
43e756d80225bdf1200bc34eef5adca8,FileHash1
490bb2abfdd5d4e185325c3a9fb9f5d7,FileHash1
4a7a1626b6baf8c917945b8fc414c8b9,FileHash1
51ab483a90952b46af6c2b125f5b7123,FileHash1
528ab116aa10f63a5156ed906744fcc9,FileHash1
531fbaedf67046d6904478f15d3e7142,FileHash1
5713df2e064e4e924ebf393252628cb8,FileHash1
594229f2c0123673d1fa9c6cf729858b,FileHash1
599e59effa5ff3db57b3b3d96fbd68bf,FileHash1
5d43baf1c9e9e3a939e5defd8f8fbd8d,FileHash1
5f765638d73440c76c7cffb9651b8b5a,FileHash1
60214745027c7efa7cc920d43d9c254a,FileHash1
648dea285e282467c78ac184ad98fd77,FileHash1
6642faeb930fca442ae36863e7cc8edd,FileHash1
6c38526ceb115206329131fc840bb881,FileHash1
6c7fb32d476b7a367df0403b6a8c950f,FileHash1
6f2f61783a4a59449db4ba37211fa331,FileHash1
7349683077ce4fcac77580848182ead9,FileHash1
77564317c1e72d5a03303c47d400b7bd,FileHash1
7a81e115e8d7186250ae57d675a12899,FileHash1
7ba98edd7015779a2625f11f3eabe869,FileHash1
7fb8cf3de569aba008e50120d87c4d6d,FileHash1
827e6c2fae30b09976ec36e385d6ae52,FileHash1
8397ea747d2ab50da4f876a36d673272,FileHash1
8452ce8ad04afa240e1e8b65d4b3343a,FileHash1
84fb81b942f0238aedcbb1c7ea8554fc,FileHash1
854903e0b284ef78322082de46dcd160,FileHash1
87d79e21b2989937a1808b1b3c906bb0,FileHash1
88bb8ccca0b59a2b42dbd3cedcbd186f,FileHash1
893bc3ea857672dc972832f38847ab3c,FileHash1
8b1ac17884ad022db544732af21e11f9,FileHash1
8ed89d14dee005ea59634aade15dba97,FileHash1
91c89af52df3e3067ab2d3d619fcd345,FileHash1
931d0969654af3f77fc1dab9e2bd66b1,FileHash1
954d80b823db3724aa3936475f9a7505,FileHash1
9846e2e45000984719804ec2236405bd,FileHash1
99066332471d626dce4b2fd8c0543aea,FileHash1
a142257525e31628ead74927c88695f8,FileHash1
a145fc533ba903209544597c978d0e08,FileHash1
a2be99a5aa26155e6e42a17fbe4fd54d,FileHash1
a4e58b91531d199f268c5ea02c7bf456,FileHash1
a6296fa80cf09ac595a4304e2d07906f,FileHash1
a991e6c5ed7388515d75f02e9c33428f,FileHash1
b4b695c8e6fea95db5843a43644f88b0,FileHash1
b68075c8f2aaef80fa70d7c562804f25,FileHash1
b99acd5a518e05c1adbb592ad4192334,FileHash1
c027d641c4c1e9d9ad048cda2af85db6,FileHash1
c18a99495bd9a34e8099b94dde1321b8,FileHash1
c35874ba204e503c8e96bd275956e0cb,FileHash1
c90d094a8fbeaa8a0083c7372bfc1897,FileHash1
cf1947c7af6581f4a66460ae6d14dc2f,FileHash1
d13ac94aec9d82523b27d3c659e38d8a,FileHash1
d13eb9a69a59001de27db3af7589f5c0,FileHash1
d58d2127453e056544d8b6413e7836ac,FileHash1
d590539b3bdf826ec5f7ce7be46d7dcb,FileHash1
d620c699a5b1828aca699b5aee77e5e6,FileHash1
d62126246776ddf0ad64df8c78552805,FileHash1
d6b0e3b1469c72665c8feb36c268d546,FileHash1
d7434f80ddd2395783c6f935cab65a6c,FileHash1
d9731b51c936aa57207b0efe435ab056,FileHash1
d9ce494a22390a7dd4ad8a86ad50ec03,FileHash1
da582d905814a49f6ce5b32a069f0b95,FileHash1
db40f91e1534d42a1b46a8116dcd028f,FileHash1
dbb773673eede691db2081ca18d4bf1c,FileHash1
dbee4536351e1e585a89e90c200c57df,FileHash1
dd5bd7746a6f5cbc843f54ecfc7ed780,FileHash1
ec2f94b5b182a41fb6fc31a454143dce,FileHash1
ed9aa858ba2c4671ca373496a4dd05d4,FileHash1
ee9dda6bbbb1138263873dbef36a4d42,FileHash1
ef307ee48b59257e2728dd3b42a09305,FileHash1
f2a0e9034d67f8200993c4fa8e4f5d15,FileHash1
f44bc360b07800a4746511aecf5e3f3d,FileHash1
f5475608c0126582081e29927424f338,FileHash1
f93fd9e83ba89169946af8a70a21139a,FileHash1
f97fc3d0dd6b217a92df567ad8f3d555,FileHash1
f9e18687a38e968811b93351e9fca089,FileHash1
0037edca17346e51f7878a179a9768d8c187c5ed,FileHash2
01a5e1c618fced0173e666ce8debd6027725806e,FileHash2
04c672838bed7b0768478c92b4a4a971aa4d88a6,FileHash2
10408e6cf829699f0eb4c5199575261db14fee66,FileHash2
124b04f28a87a780c8362663f47e8f6c11579aa5,FileHash2
18538d23cc0a737a5f460283678e8585724f42ba,FileHash2
23d10901395b484f57492fb40ec590254aedb1dc,FileHash2
24adb706624bc2c6c03bbb6aecea8cc027105d10,FileHash2
24afe860baf3379a77527c561030bce78ee1e614,FileHash2
275e4406667963c838d85920c015df38974123ca,FileHash2
28fee56b210546356261e1d491adaefcb8e01429,FileHash2
2a56080ad265f5efa3229c3f7a085ef80cbf1952,FileHash2
2cae41e7c770d49c85afd90903e6cf65871228aa,FileHash2
2fb28fe0ed05be9da96648e7e44da8b50dc26159,FileHash2
388ac48764927fa353328104d5a32ad825af51ce,FileHash2
3febc7c3949c3b9b42bbadf60153dd0b784fcfdc,FileHash2
3fefa08c44b7223b24bf74d082ab2df5ae4087d9,FileHash2
47a1cf0d84b0dbc2f0e848945b2b2dcd546429c2,FileHash2
48a6d5141e25b6c63ad8da20b954b56afe589031,FileHash2
4bf18f50f8496813e424c7c8dc7aab68cee86afd,FileHash2
4e4d31c559ca16f8b7d49b467aa5d057897ab121,FileHash2
550db9c70010a50ed964356e6cc4393427b19c9e,FileHash2
554238c47a93363c776508c3e1919d1ee9925e40,FileHash2
567f2ca628f25c0f3e697fad3c80575c09166260,FileHash2
56dddfda80d3eb6d6cd3f0531719cf9fac5abf4a,FileHash2
5c194ec7cfe33dd738fca71adf960c85e6ed7646,FileHash2
5d6dc44b9d431a415d60296bf58eb1834573a571,FileHash2
617c42943dcd973235e2227d3ae88f330a2944d0,FileHash2
61c6a74dc3c370e6b113f3a90aa07ac7f409d443,FileHash2
624455bc3cc567f8ccb2e0b035c01e4df3b49c0c,FileHash2
63a3f87be4f037585f576599823557e5444084a4,FileHash2
66d6ecc5079173286dfe5cc9db526dc2f425665d,FileHash2
676537b0f7707feae0130bbcbdc881f5b4eb3f03,FileHash2
68bec45bfc58373778d15255dce41edd5a10d1bc,FileHash2
6bfe33e12e77d4558e45082c4718092af54f9481,FileHash2
6f391d282a37b770abcedd08c4c0e2156076cd8e,FileHash2
71627bf5d3fa0c09e0631b2172ee0c6499168ed9,FileHash2
74a147e1be7cbf99c893565c10766da40758b30f,FileHash2
75409af7096683810bf01ea4fab32ed5fafcd807,FileHash2
77aff37625159425aeb0fda2f3d36e6161d0731b,FileHash2
7c8282ff90145bc5259e8bb29e3dfd2247aa94b6,FileHash2
7cf53577520861a1833ae99489c307f98da01b4b,FileHash2
8136c3d4b273f4adea5d3005bf6afbae2cba2b29,FileHash2
8428935fba7a40535bc9e00728184fdf6ab90ee0,FileHash2
8763d11b022ee7724f9365dd976c548054f2b153,FileHash2
8d6a2bb48bd24e1812c4907422708f55c96335ea,FileHash2
8de3c94e8a86eb48787a25bffca889a4176f54f2,FileHash2
8e88fd82378794a17a4211fbf2ee2506b9636b02,FileHash2
8fbe210535f4686c0f795476dc41f8bced0a759e,FileHash2
9285f2d790c65c94e382463bfff17a642b2b9762,FileHash2
9306110d082ad86169c76d765c7d334f24747094,FileHash2
9676f0758c8e8d0e0d203c75b922bcd0aeaa0873,FileHash2
97e9c7091a7275655d0e44559a3df6d5a0cf21d9,FileHash2
997885451c6629d5da8fd9bd70f0f9977eb8787a,FileHash2
9e223444d7b6b1837c4643f34e0f561613496569,FileHash2
9e3ed0c7785c4fdb6c3bf3e2b22f829c12c38b0e,FileHash2
9e75039f439719dbecc28ac938e6f0ab7700c2f7,FileHash2
a04403c041863fefac6a4e875198cf69042c884a,FileHash2
ae8fdc45746fb64036c41490c2ca34052584198b,FileHash2
b25346d604bb7cd795ad418432e5a349979aaa77,FileHash2
b5d7d401d911ca776144637e13ffbce15227a2cf,FileHash2
ba7f70d41276460451d7134c6ee4cfdfc2afa5f9,FileHash2
bb3a0dc01309162971ad6a11c5cb159fe93fedee,FileHash2
bd6731a135a457e1748c05f9a00e152909e6ecf3,FileHash2
be6909ba6e0b4d228da5b9daccc83f7082c06cf2,FileHash2
bf7d1488909cbeb914b63c0e00aa614558bb64cb,FileHash2
bffc4a7150d61b4f58eb68b5e9535b7e3cfeab06,FileHash2
c02dc79d5b36629c072bb7ebeab897dc46ac9fb9,FileHash2
c12e59ddcf74bb229a99e5657d609f3924bafd43,FileHash2
c4be79d7a64cfc89122d4dc609265fd6fa026a42,FileHash2
c5ae757463b2015ef2d472fa26aec0f6aac1fa3f,FileHash2
c982dbd09152c191c3356f74f60a1df8abf37666,FileHash2
cb123a197a3baa8865a3ca2cee25022d0a578371,FileHash2
cbb4e9ccb34de07e51899ee6601dd4814920c4ae,FileHash2
cd24ca6cefe40a1159c1491cb0b5e2f0a68c0f6e,FileHash2
d08315c8c93aca7816875c11583b1147878ab8ac,FileHash2
d14a3e3b93929777fd77be4a5d2aa0558983a061,FileHash2
d4b96e9d966b0f1e9ff1ef61a8d09c9020254652,FileHash2
d5ff73c043f3bb75dd749636307500b60a436550,FileHash2
dce1762f70375450231cd8a8aec96d842dd82a65,FileHash2
e273ed808f0ef67b71afcb7f77da80be56228a58,FileHash2
e769a810389f931b748bbe80742c427126c063a4,FileHash2
ea93acf0c278dd59e29ae1402d35db8e0f3ae966,FileHash2
f01932343d7f13ff10949bc0ea27c6516f901325,FileHash2
f141f9dfc7e082521c9d26980bfc8bf100bb2f61,FileHash2
f1b325a6b927f62a911dd3bf199262223983fbb9,FileHash2
f304c1d89b8b7b457a6df09323614c6d31da8e7f,FileHash2
f408ac9fca23aeb0fa11996bcb1887082ac8ff06,FileHash2
f5ef9c2b87964f495a1a8beb874537433e4a7826,FileHash2
f601408fa9b1b4ecfe71addec0c3ddb514d91e54,FileHash2
000752074544950ae9020a35ccd77de277f1cd5026b4b9559279dc3b86965eee,FileHash3
00433ebf3b21c1c055d4ab8a599d3e84f03b328496236b54e56042cef2146b1c,FileHash3
01184a5acb8b3ec56c9e90f2e6cd6673ae83b4fd6982e17329b33da2f77bcf5b,FileHash3
0160375e19e606d06f672be6e43f70fa70093d2a30031affd2929a5c446d07c1,FileHash3
01611aa9fe649335a7d813fa1693b9421d8585155351f3a696e8bfdcf45440d3,FileHash3
02d55193310ea19a4ce4c8a7f095c84b0511946d11a647e12758569292014882,FileHash3
03cd4ec3defa490e68b1ca2efaf8daea6f89d3cceed51c91f4c4f9e2222d258d,FileHash3
03f6c8f173413302d9c22a44a593fc9a5203fbb7652d3a36b3ace79f3cdc39a3,FileHash3
0463351dc7858ac1f9038c4c2bf27a1977f462ac0e4a494b7c51f1c8005e0587,FileHash3
05d7113cd17ee12b26c772716d3370dc0f0fa3c7f996d25d516d22b45b68a43e,FileHash3
06ea41ee563f0ecb884d0640344a1e0006a9e8b1b3d4cda9a769a896f18c4b6d,FileHash3
08c3aaeec3da9a106536ad1beff4d2ed23d1e31c9481be60f5dbd5eb1a01d2e5,FileHash3
0937cbb980cb898eacd8458366fc4de3510266b8fbcd68010aa04e58bf72df28,FileHash3
09b83a501b8f919fc4861735097dd50957f21e81209d362b4fa425bd3348a495,FileHash3
09d152aa2b6261e3b0a1d1c19fa8032f215932186829cfcca954cc5e84a6cc38,FileHash3
0b5db31e47b0dccfdec46e74c0e70c6a1684768dbacc9eacbb4fd2ef851994c7,FileHash3
0b79e1194644431c2e28c48aa3654e658a2907e1003cd0484cd00a0796ebe6bb,FileHash3
0b8d7a851920d4584777505f9fb484b226a8457d4049885a87c847f7d3532d28,FileHash3
0bc7517aa2f0c1820ced399bfd66b993f10ad77e8d72727b0f3dc1ca35cad7ba,FileHash3
0d01b24f7666f9bccf0f16ea97e41e0bc26f4c49cdfb7a4dabcc0a494b44ec9b,FileHash3
0e3b1ad900604f0f27bcf718592beb50a7ace9af6b7d9c1439a416647e47dd7b,FileHash3
0e416e3cc1673d8fc3e7b2469e491c005152b9328515ea9bbd7cf96f1d23a99f,FileHash3
0f6b6c1596e38e840fb03420317db224739a18dbef0b98285637f5887e90a191,FileHash3
0fa91cac5712cfc0848af092190fd3d09948f1a7750547f0f16d1867dac6288a,FileHash3
0fe69e67286203ca2dcd080b4c25ab76fc4ca925e6207b193d47f02da1481843,FileHash3
1939d9fdcf831dc4cac001ba193669c75a336258bc99a1775471554229e4a69b,FileHash3
196fb1b6eff4e7a049cea323459cfd6c0e3900d8d69e1d80bffbaabd24c06eba,FileHash3
1ab4af3bb2a343e9bc29e177aebe7d175a6b8af317ee3a8527271ed41148212e,FileHash3
1b0c82e71a53300c969da61b085c8ce623202722cf3fa2d79160dac16642303f,FileHash3
1cd0ce9ce247b8cabe491515dcd70f5b23209ec08c1a7f80ee9663c946e6365c,FileHash3
1e154b2976cc00d457c0dc2b83ebe81911294c8276691617085c03a3304fd87f,FileHash3
1ef484513c027ccc747a88777559f96018e2b5cad830025911f0786e24d491f3,FileHash3
1fa62f29313e55ee1bca18820d2f1ca3aaecf438a137a67106d413c655004f0e,FileHash3
259e8845176a665765f488e136931b2aca27be30eb27eb1074606213473d0446,FileHash3
2727e1775588fee0f9e6d69460338cb526a8d0bb34c5d9df6e4609d1b3d56386,FileHash3
27bfac11c1f9184b515fbf5fcd946e921c95506f89eb273e148fcf0068e50932,FileHash3
294acafed42c6a4f546486636b4859c074e53d74be049df99932804be048f42c,FileHash3
29de2289a2b111a4873e49402c310b2ad0e3de51b5562ee1422a37c514910c71,FileHash3
2fc71184be22ed1b504b75d7bde6e46caac0bf63a913e7a74c3b65157f9bf1df,FileHash3
2fdba1e332203ca0d01992b137ebeaa1f21f7c3daec7230e6b8a4d36182caed4,FileHash3
315503862cb7ebb0a731483827016015e355bad51f872db5c650a822de744937,FileHash3
3315e5a4590e430550a4d85d0caf5f521d421a2966b23416fcfc275a5fd2629a,FileHash3
33be1a646e5ed46aa707455637e2116715592d1ef63feafb0fd2f66c872a634d,FileHash3
353f82475fcfad5b3f06ed85a931bda46ec34279793b5d70085aa8c603e8ebec,FileHash3
3542078fd524e3cb141d5bebf96aea73467505a07ae72fc58395afa14f22e8a3,FileHash3
35a39299c47bc701dbe7cb72fcb695d08eb2095d1a5b8b7942d3034d16435e89,FileHash3
382a209ce5745c85507b0bd80b87496ad92128e6870199d0c33d6ddedc542dd1,FileHash3
390f9aae2dd5f0584106e3aa315bbd28a8c6479f126a4f13c7c3a62e19356634,FileHash3
392aba0070375051d7bc3cc478c4bb66c5f55be87ad797800f50a338c3e2479b,FileHash3
3a4aed5b9ad0827696a1bb5f3497a6a2aa26b453d27bfacbe3c8c47673aac98d,FileHash3
3ac93cd715dc191464703b988ba1d72d4bd97836bcddea9a653232fd57facf00,FileHash3
3b33b0739107411b978c3cbafb312a44b7488bd7adabae3e7b02059240b6dc83,FileHash3
3b70c3ebffcfd6a97859f8d9e5a31f6902756e23fd6688ca7c7446d24ec76d9d,FileHash3
3bba04f277e7f51a5500f7b144fdbd851954e4f94bb0290e49fc63f6fc807321,FileHash3
3fb46ed9876d5f3a0aaa57a3726a574fa7e3626f16c86dea685cbf63d721f3ce,FileHash3
40273d18abc0d623a1798766e0d388f2f46bfa7ad535cad46098a5262382fa13,FileHash3
4059fea324e27cfbd4955f37dc7791709dbf35a800449373c6715bc53b88f7c5,FileHash3
442c2b7b8e7ec13306bfb6c1332bd87e4d9cac242fd86555df355a606b895c46,FileHash3
46fcbc170e84d8ad48434251421bd8f6fa49a7e741d2c24d31c170c607c60d51,FileHash3
47b8b4d55d75505d617e53afcb6c32dd817024be209116f98cbbc3d88e57b4d1,FileHash3
47e017b40d418374c0889e4d22aa48633b1d41b16b61b1f2897a39112a435d30,FileHash3
48bd1c5cf9ccc3d454ab80d7284abaf39028a228607d132bfa92ab2ceca47ca2,FileHash3
49046dfeaefc59747e45e013f3ab5a2895b4245cfaa218dd2863d86451104506,FileHash3
4a6b7409d79e51113e88c1e62c7f5bad55e5c27a19d0b986b9347c4869233893,FileHash3
4b2b157041e8bbeace43320ec93a4206daa9818a6406279999636b2fbc3d08c9,FileHash3
4c4cc3abd3ddb15d5306fb647c6d779b18df5b949673bb3f3f87faa2c5f56a6a,FileHash3
4c574c1a2b126c8a5ba1ef9560516d0ac9990c0253119f874eb084b57742e3d7,FileHash3
4cbad835586faf1d91431d5421b58b4acda0bd280cfbaf8a5d4820aec486b0e6,FileHash3
500ae0f1ab40a254f81c73331c9848bada4c26adad613d53d339d14ca3599a32,FileHash3
5081f54761947bc9ce4aa2a259a0bd60b4ec03d32605f8e3635c4d4edaf48894,FileHash3
5115be816d0cd579915d079573bfa384d78ac0bd33cc845b7a83a488b0fc1b99,FileHash3
51d53ca36a662b4aad5878987548f0f22f2a53545790577d8043373b6bf7eb75,FileHash3
534f5612954db99c86baa67ef51a3ad88bc21735bce7bb591afa8a4317c35433,FileHash3
55571ac52e1f02f18af77e2f3314382c982a37744b58732dfc15faac9d66619f,FileHash3
56655ea5ba27f14b860bac62c37e4c45940908e8a45d7c2a6117ce9951baf10d,FileHash3
56a666601e66a01cc8dcb53a470d9ea092633c76197cd13919c7749e51ebccbc,FileHash3
576d1688f744a9f6ae4c1fb4cec1cda3daecabf3a13cb3bafabf083c54d1fcb6,FileHash3
57959c2be2ac6349aa37edb73cd8a88fe8d3e69678cac4b38fac401bd3141fdf,FileHash3
5816eb32cbaadfc3477c823293a8c49cdf690b443c8fa3c19f98399c143df2b3,FileHash3
58fef66f346fe3ed320e22640ab997055e54c8704fc272392d71e367e2d1c2bb,FileHash3
5b02fc3cfb5d74c09cab724b5b54c53a7c07e5766bffe5b1adf782c9e86a8541,FileHash3
5c2f339362d0cd8e5a8e3105c9c56971087bea2701ea3b7324771b0ea2c26c6c,FileHash3
5e523ba395d7b92001d14d0d0e607410af9acb61d724a4a7651c3d80a79fb532,FileHash3
5f00106f7f15e0ca00df4dbb0eeccd57930b4b81bc9aa3fca0c5af4eda339ab7,FileHash3
5f4063e3a5583e62ddec2f84ca88eb97fbcfbee31d9269742ab438f441f0cd58,FileHash3
60674602836323647634016774ea123232160c1b4dfcf3fcd2d2c28c652aa00e,FileHash3
610047be0b2360d609baa71be22ddc5814743868886f8d85ab9985d3f01229d6,FileHash3
65b5709f67bb0fac31ec977f98cda6f89f4b38703ee5aeef0b633c33669ea88a,FileHash3
66e5371c3da7dc9a80fb4c0fabfa23a30d82650c434eec86a95b6e239eccab88,FileHash3
66e96fbd6e977ddef3f0a2924978d92e5d67bd96e68dc4832f5041dbd40bcfc9,FileHash3
672757d8ead192ea797570b0bc25a07cd0e6424af7819bd6bab33f49a304f6bf,FileHash3
672ec8899b8ee513dbfc4590440a61023846ddc2ca94c88ae637144305c497e7,FileHash3
6744ca5d49833c9b90aee0f3be39d28dec94579b028b05c647354ec5e1ab53e1,FileHash3
6779f9b40beaf172950372303d89452358403189d236c5856d305ded2e82a15f,FileHash3
68725d4cbc05d8e344addd27c3d831a62faa7860042ed5dbef55b12ad6fbe4b8,FileHash3
689d5513ad52ad5e7a631a9147049c4cc494ad514b81cf41e841fb244c766b8b,FileHash3
69e5cc9d865301f7e8dd7d4dbf5624db2859c614112d339b2fc07ea6176c776d,FileHash3
69ef7c4cb3849283c03eaa593b02ebbfd1d08d25ef9a58355d2a9909678d6c6d,FileHash3
6a0ed1976dd871000ab3dad9228e7e8df01df77d17ba4f50fa210d409200d437,FileHash3
6a104f07ab6c5711b6bc8bf6ff956ab8cd597a388002a966e980c5ec9678b5b0,FileHash3
6d2ecc3b0a43f0c377ea6d9a68aa5ac0d48635a04219264fb0702976efea8ef6,FileHash3
6f11c52f01e5696b1ac0faf6c19b0b439ba6f48f1f9851e34f0fa582b09dfa48,FileHash3
70db987e2545cbc3e22bac0503f89f46a441cc9f206d0aa41d66b54f511638d6,FileHash3
7165aa2157b7cb4e20a0ed68b26a2b9c6957ae370d6bcb58918efb47b595744f,FileHash3
741be5e53a5dc7cebaa63d6ff624c5eff1a0e1817ede1e7fc0473a28b1ed7a33,FileHash3
75699cc6d3cfc2e4d0f2fe920e45f559f084acc65f2df48c117016d2642b154b,FileHash3
75d3d96033db529c9ae698ac6de8fba420c2daa5d97614d7118f49e03c2d83d3,FileHash3
760bbec57ef20807abebecfbc6fa345b5ac83483de0cb26dcf0306806e98f317,FileHash3
7646c2afbc8b9719b0295e5a880bb89fb85bdd4346603a52768b161eda12e8be,FileHash3
76cb3de448bdbd761beb917eed0d71c058db643fca6a37f7bbf00afbcec9d22d,FileHash3
773760fd71d52457ba53a314f15dddb1a74e8b2f5a90e5e150dea48a21aa76df,FileHash3
78b845050c78daf92ed44f7928d8755cc6b4773bd774409a21b09b5a4dd7ddf1,FileHash3
79e15cc02c6359cdb84885f6b84facbf91f6df1254551750dd642ff96998db35,FileHash3
7b5843c32b8ee8ac3a54b6c09bff6d67140e74e548b4b31e7c3c5e35ba4341dc,FileHash3
7c2721b4beedcff6f8d7af585516af86287a9bab703e8050e97365aa9fd849cb,FileHash3
82d4a0fef550af4f01a07041c16d851f262d859a3352475c62630e2c16a21def,FileHash3
8562f6b2a95963f076f7bc6ff00401d96656eafda1cfad3af53b3e3b99ae6452,FileHash3
8637fb723054087f42c0ba93b4528588adc4954a077dc0860912bbfbcbdd8013,FileHash3
8672acfb06258f5b6dec3700cd7f91a0c013a70a9664dbc6cf33a4c6406756ed,FileHash3
867c8b49d29ae1f6e4a7cd31b6fe7e278753a1ba03d4be338ed11fd1efc7dd36,FileHash3
875b0cbad25e04a255b13f86ba361b58453b6f3c5cc11aca2db573c656e64e24,FileHash3
89b5e248c222ebf2cb3b525d3650259e01cf7d8fff5e4aa15ccd7512b1e63957,FileHash3
8a23dd86da0aff9b460b8ebc9dd3e891d44ea0183ace4f5d28a7e4ddab47664a,FileHash3
8afdf8513a6e3bede16187004daccc95e193a29062415d9ba0c29b98a5a927d1,FileHash3
8b427c47a43e6c357d8439fefa7f0ff34b72a2abdaf0461193fb9e6086807e17,FileHash3
8d48a77e7a4b8c824d8c1b890dc3e2b904e6fa8fbe8dae1a22f5870916c01c20,FileHash3
8e1746829851d28c555c143ce62283bc011bbd2acfa60909566339118c9c5c97,FileHash3
8e271b07ad050b648321af5aa98ae9f9057342a6c4d3de40ee07a4fbec1ef2b9,FileHash3
8f05021071c4bfd4cfce3d02bd30bf16f1322170515d796e13f75eb25b09d533,FileHash3
91ba814a86ddedc7a9d546e26f912c541205b47a853d227756ab1334ade92c3f,FileHash3
91eaf215be336eae983d069de16630cc3580e222c427f785e0da312d0692d0fd,FileHash3
92e6a5d3a7f7f2cf909fa50522b44b4d33719202db005383be611a2e68a3d5b3,FileHash3
93f11750014fa65066ffa7f7896c3a5b127ef8e68a4062a38610931057fe3dae,FileHash3
94a669041ef572e3fb089179f5c29e2811e2e82613290e39a2ce1b6c273727c9,FileHash3
979ef0f43f25a6707fd98f6f0cb6e8452c24f41216ff53486781f487803d69c4,FileHash3
99eae95f3271fe7cd2b25aca9a2b69ca8f5cc034f3416b554a4af38903f14233,FileHash3
9a48357c06758217b3a99cdf4ab83263c04bdea98c347dd14b254cab6c81b13a,FileHash3
9abf6b93eafb797a3556bea1fe8a3b7311d2864d5a9a3687fce84bc1ec4a428c,FileHash3
9c906c2f3bfb24883a8784a92515e6337e1767314816d5d9738f9ec182beaf44,FileHash3
9dc04153455d054d7e04d46bcd8c13dd1ca16ab2995e518ba9bf33b43008d592,FileHash3
9efd70e4bbf658dc374594d8c1251810a954ffa7ccc7155abc1a831c77f9fb6b,FileHash3
a08d24f74027256c6fd5c5a2fdb15b12889971fbdcfa7a28ffebbfe8b15aaefb,FileHash3
a0bf5af3f931a428b905fd14d43b61af47b7f272425ae4ff4d78b5cb139b8276,FileHash3
a0d070b66408654cdcb84784e77914dc355a23c81e3e6ef36362470619c4de96,FileHash3
a1171ffade3d147e54fab021bc4d56f30645aeb401a88517e9df93d852b78c73,FileHash3
a3ef9fd758bca1c94054a43995a99069abaef672495c1bd3ee831217c1f5e498,FileHash3
a3f087c83453cde2bc845122c05ebeb60e8891e395b45823c192869ec1b72ea6,FileHash3
a45b34c97e45d73fd60b683e8543a1bb50d73eb30823b9e933fe2436edc35f2b,FileHash3
a51cad94475e0af91d270146379574b5a8ae70a03098318ddf9912784ace3cba,FileHash3
a6c803d7a185f896a6c90f78891c5dbb904df3535825764e05432641ab059fb1,FileHash3
a75886b016d84c3eaacaf01a3c61e04953a7a3adf38acf77a4a2e3a8f544f855,FileHash3
a7c17e5fa55bcc60d4cff64dd37d0a1f0cc93f4f44b3cebd5633ca5af413e5cc,FileHash3
a803c043e12a5dac467fae092b75aa08b461b8e9dd4c769cea375ff87287a361,FileHash3
a87b6664b718a9985267f9670e10339372419b320aa3d3da350f9f71dff35dd1,FileHash3
a8cc70bcd0ef98e3eea54f953166f518a2cf1d898e4eb9e85cf70861f8ec7578,FileHash3
a9b3bc337043c04f529b2c19b3e33df1ad59bce27c074427e7b563db3a83c37b,FileHash3
ac7b6ca73207db6ec6d4af2632a7c842c32af6658e3214753e589b567d809125,FileHash3
ae7275988753fffb29bdb254babdf46773daf935b2721006fe66a1747af3d1d4,FileHash3
aec3ced40a3451dc2c6b1704cc50b0e0c8e549faaa8ae42b6d6f421b4fc2ef8a,FileHash3
aee26c1ac2cbb598bd2ed4747e58efe68de20cb4c6cf5863c1a9dcf33dc6aae9,FileHash3
afb2d4d88f59e528f0e388705113ae54b7b97db4f03a35ae43cc386a48f263a0,FileHash3
b0921142f8d3067c8253931977999a5092470ff3e562586d87af68c28ec66a99,FileHash3
b2a203b9391987049ad60c826e6d7a76554f38dfc8b9ce88fea083ca1b106800,FileHash3
b3646d8cbadc7620ca7782f2525cc019740a3088f32e2ea9a6c97cc1432537b0,FileHash3
b557fa6a92e1ecd768aa723258cb453beb6597c583dbe76d8e82ffdf392f5932,FileHash3
b86140ad75113e930e40228d3e1d7ba1f9e48abb0e02ee293bdd40d6cde8c061,FileHash3
b9f6a9d4f837f5b8a5dc9987a91ba44bc7ae7f39aa692b5b21dba460f935a0ae,FileHash3
ba8cd92cc059232203bcadee260ddbae273fc4c89b18424974955607476982c4,FileHash3
bc229eca6d7a46acd195a7364c1caa97db96ea8c6c1f0bec10d3929930e89457,FileHash3
bdd109cba8346548dd6fe5110180aa23eb9f5805c90733025344a5881c15c985,FileHash3
bdf9fffe1c9ffbeec307c536a2369eefb2a2c5d70f33a1646a15d6d152c2a6fa,FileHash3
bf1986ecd37dbc9917b31077615c48fb5d64b904b95e789f9e73be47b1573c0d,FileHash3
bfd74b4a1b413fa785a49ca4a9c0594441a3e01983fc7f86125376fdbd4acf6b,FileHash3
c0682c72db57aae7c05d08e79f2d82825be2c2cdcb162c19e4c8bf5a737dcb20,FileHash3
c114b73da17eb5c8aff5a7b5509ffe26b9770e28c7123f038e98d42f8a065632,FileHash3
c12a0565ea1c59d7c2b73e9c022604dbc827980df58ede7ce42d648f9dd4e096,FileHash3
c19064733f2a23f09c8b16b3847cceeac8f61488be57911cefceb75425501097,FileHash3
c28e4031129f3e6e5c6fbd7b1cebd8dd21b6f87a8564b0fb9ee741a9b8bc0197,FileHash3
c4399052e5801f4947edf3bf634c43a77870ca46ec0c27ded50062f8219aef28,FileHash3
c4b8ac6b919c61315a3ed47ee5e2839813a6e87888e4bb518f916d4582bbf6b4,FileHash3
c52028b494c37505cbe073e3b0fcdeb6b7b48636c6fd00a41108e6dc1a66a4ce,FileHash3
c64e2993563345fd497cfc382de27c7791b4f172d2c50d79b6290c2f9c06102c,FileHash3
c67e8f51c086ce3c7f6fbd3e0d6d29212def08c321197449afbaecdd799173f1,FileHash3
c83c7b000a955f2b8cb92bb112ed606ffd9fbebbe3422f80d90d06b167f2f37b,FileHash3
c8a8d2caa429a8bbe885ef8d59d982b4bfd9c48f1255ff69e3b81c6bbd7b2925,FileHash3
c9b4893bdb85d67c13826814ef0cf392648089f416aed40078907054624fba72,FileHash3
cabb45c99ffd8dd189e4e3ed5158fac1d0de4e2782dd704b2b595db5f63e2610,FileHash3
cd6e548b085eaaee31b260489c932088f1ea58390bccce54b546cba9e8dca228,FileHash3
cf10c1cad090ab31d9e579df3bd22f3d0653792cb010e1d6ac0e2cd1ced52076,FileHash3
d05f805d172583f1436eac2cfddcc5413ef6be0b37eda98ebca0cb0cfae8ad9e,FileHash3
d09041e3d635ddb28540b11cf180a30a28fc04c2ee6e5d994aa0bacc9633e944,FileHash3
d0a41dfe8f5b5c8ba6a5d0bdc3754543210ec2d36290564d9a774e9d22e3ad97,FileHash3
d0cf9c1f87eac9b8879684a041dd6a2e1a0c15e185d4814a51adda19f9399a9b,FileHash3
d287388e5ff978bf6f8af477460a9b76a74fdc33535e392b70e58176fc9ad805,FileHash3
d2f1cccfe688c074c3d58ae8f7be7b10dbea5d7ae53320c3f7b6e48cd4f62955,FileHash3
d390d23d6d96f105de24e85ecd4d2d2d2379bb565ca7cc3923c604518b6a97fa,FileHash3
d39f0e201762e5eb4c335371abf29b3192367808f95815123bb58a4f59436476,FileHash3
d78fe3bd46a1fddddaee98634a4fb082dd47d84bf6a24c3d9b422efef1a01a03,FileHash3
d8de31bcaf5b9ebb99bef36244b0ab3c21367821947a789dff69c33d49aaffc9,FileHash3
dae9f37ae5c2a030c0fb3f55d5731cdb37a4f68560a6f2ba38bb54c9533f8805,FileHash3
db6a9934570fa98a93a979e7e0e218e0c9710e5a787b18c6948f2eedd9338984,FileHash3
dbe48dc08216850e93082b4d27868a7ca51656d9e55366f2642fc5106e3af980,FileHash3
dc20873b80f5cd3cf221ad5738f411323198fb83a608a8232504fd2567b14031,FileHash3
dcb232409c799f6ddfe4bc0566161c2d0b372db6095a0018e6059e34c2b79c61,FileHash3
dd038040283793c67cd50252fb9ef20eb07e2f36d284f70cb2340e501dcb99d7,FileHash3
dd9607913e9c422d6dcf2e8d11be71afbc76f761c8208f76f6ed80a0efa75255,FileHash3
e04848c1e2908335975dd52793c94624d06a598fdd75d5d3eb6ea8c5d569b8bc,FileHash3
e05142f8375070d1ea25ed3a31404ca37b4e1ac88c26832682d8d2f9f4f6d0ae,FileHash3
e087d06c552aeef36c2ba9fdd14b06fca499f2d37dfea21e480a02a748b19bf1,FileHash3
e1ecf0f7bd90553baaa83dcdc177e1d2b20d6ee5520f5d9b44cdf59389432b10,FileHash3
e29d0db8c013e7eb5820a6f40aae92a085d9550f2f0b2ebc10c8c2c08d14f6d5,FileHash3
e3027062e602c5d1812c039739e2f93fc78341a67b77692567a4690935123abe,FileHash3
e3a4e97e27bcfb6126ebfe92827cfb6b7e0c04eb7f5426bf17dd366e4723d1ef,FileHash3
e514d83d2aaa1357b34f5f11ecc35afe10b6240796e085977e9d4a56145bb8b3,FileHash3
e615ea30dd37644526060689544c1a1d263b6bb77fe3084aa7883669c1fde12f,FileHash3
e62a7d9184a841e2b53e41f2d85aa278b427e2e427dbfd8f4be072108e3089c1,FileHash3
e79e28865cfa4b31030133b62d26367ceb06a49b3f449fdd85e136d4f6443edf,FileHash3
e7a4d8b80dc653a47440db2a8deaf782109bb710e5d4311bc3d7685dba715865,FileHash3
e90cedfce785b0f1ed30661914a0c169edf8ccb039cd722fec7fd5a85a3e99ad,FileHash3
e9894893a8a1f74d7d6a8768dda9ef5ddaf8aac18634a1110e9a79652c9f13ee,FileHash3
eb73c57c6f4ce8bf197ddc689b7e0afd3703a9bf9a78212c9cb838528441df7a,FileHash3
ed8ec7a8dd089019cfd29143f008fa0951c56a35d73b2e1b274315152d0c0ee6,FileHash3
ef2d3e488b781a7c6144afa8fc8ba2b6d085ca671100d04686097f3b4dd2ed42,FileHash3
efd555e779a25e1be16e594866d4cb758b078ae336b589421c3b9f676cd2ef5d,FileHash3
f00fe4e6da3aaad25d1ac8b268ffeebc98bda184e3df224905626908be24d415,FileHash3
f14c5bad5219b1ed5166eb02f5ff08a890a181cef2af565f3fe7bcea9c870e22,FileHash3
f1ade73b9c61f2f4b774a1b5003a5d70d7a12e0872abe98c52fbf9e9e3a90fc5,FileHash3
f1eed93e555a0a33c7fef74084a6f8d06a92079e9f57114f523353d877226d72,FileHash3
f3b0da965a4050ab00fce727bb31e0f889a9c05d68d777a8068cfc15a71d3703,FileHash3
f42c637db03edf83a08e944bc190265167ecea84d77508f37fc1269d267fe5a8,FileHash3
f59035192098e44b86c4648a0de4078edbe80352260276f4755d15d354f5fc58,FileHash3
f5a24d157881801fd13c5e6b6e870dea2873010e75765c231c1437b42fa82dd2,FileHash3
f7170b70a89f4b5d196e3a09c1d6135d36320548f66cdc2c55bf725b0f8d4ab8,FileHash3
f7559f6d4346f412c2c4ea18363efba3075345b7533af9964298803ffe75f919,FileHash3
f78b85fc5c9a5f6c8d735f13180d318bf8f5639e71556e2ae0f2c6b9b4181a6c,FileHash3
f91188d23b14526676706a5c9ead05c1a91ea0b9d6ac902623bc565e1c200a59,FileHash3
fe336a032b564eef07afb2f8a478b0e0a37d9a1a6c4c1e7cd01e404cc5dd2853,FileHash3
fe51590db6f835a3a210eba178d78d5eeafe8a47bf4ca44b3a6b3dfb599f1702,FileHash3
fe80e890689b0911d2cd1c29196c1dad92183c40949fe6f8c39deec8e745de7f,FileHash3
ff1d5ee6dbf77b79eec7e7405d864eb2445213aa0f5b5b665d322c4565d5b6a5,FileHash3
103.179.142.171,IP
103.205.179.4,IP
103.225.168.159,IP
103.53.176.145,IP
104.232.71.7,IP
107.6.12.135,IP
109.248.150.13,IP
109.248.150.147,IP
11.23.33.44,IP
111.68.126.155,IP
111.90.146.105,IP
111.90.148.132,IP
112.175.92.57,IP
113.114.117.122,IP
119.18.230.253,IP
120.138.8.26,IP
121.146.68.233,IP
121.254.224.218,IP
123.21.4.30,IP
125.206.177.152,IP
128.200.115.228,IP
137.139.135.151,IP
144.172.87.27,IP
145.232.235.222,IP
146.4.21.94,IP
147.124.197.138,IP
147.124.197.149,IP
147.124.212.125,IP
147.124.212.146,IP
147.124.212.89,IP
147.124.213.11,IP
147.124.213.19,IP
147.124.213.232,IP
147.124.213.29,IP
147.124.214.129,IP
147.124.214.131,IP
147.124.214.237,IP
147.45.167.128,IP
152.89.247.236,IP
152.89.61.240,IP
152.89.61.96,IP
156.236.76.9,IP
156.245.16.55,IP
158.62.198.177,IP
159.100.250.231,IP
159.93.36.174,IP
159.93.36.84,IP
160.20.147.253,IP
162.254.39.9,IP
165.140.86.154,IP
165.140.86.227,IP
166.88.132.114,IP
172.81.132.41,IP
172.93.201.219,IP
172.93.201.253,IP
173.211.106.101,IP
181.39.135.126,IP
185.208.158.203,IP
185.208.158.204,IP
185.228.83.129,IP
185.228.83.32,IP
186.169.2.237,IP
188.43.33.250,IP
188.43.33.251,IP
190.97.166.164,IP
193.242.184.2,IP
194.45.8.41,IP
195.133.88.31,IP
195.250.29.94,IP
196.38.48.121,IP
197.211.212.59,IP
198.180.198.6,IP
198.54.116.86,IP
199.188.200.35,IP
201.77.179.66,IP
203.161.52.90,IP
207.189.164.137,IP
209.126.83.186,IP
21.252.107.198,IP
210.202.40.35,IP
213.180.180.154,IP
214.75.112.56,IP
216.107.136.10,IP
216.126.229.166,IP
216.173.115.200,IP
216.244.71.233,IP
216.74.123.191,IP
218.255.24.226,IP
23.227.196.116,IP
26.165.218.44,IP
27.102.113.93,IP
27.102.118.204,IP
27.102.128.152,IP
31.220.40.22,IP
37.221.126.117,IP
37.238.135.70,IP
38.110.228.112,IP
38.134.148.218,IP
38.92.47.151,IP
38.92.47.152,IP
38.92.47.85,IP
38.92.47.91,IP
41.208.185.235,IP
45.137.213.30,IP
45.147.231.213,IP
45.153.242.37,IP
45.43.11.201,IP
45.59.163.23,IP
45.59.163.55,IP
45.59.163.56,IP
45.61.136.133,IP
45.61.136.204,IP
45.84.226.239,IP
45.89.245.88,IP
47.206.4.145,IP
5.206.227.51,IP
62.133.61.204,IP
64.188.19.117,IP
64.44.141.13,IP
64.44.141.15,IP
66.235.168.232,IP
66.235.168.238,IP
66.235.175.109,IP
66.235.175.117,IP
66.29.141.73,IP
67.203.7.163,IP
67.203.7.171,IP
67.203.7.200,IP
67.203.7.205,IP
67.203.7.209,IP
67.203.7.245,IP
68.170.2.240,IP
69.43.130.141,IP
69.43.130.153,IP
70.224.36.194,IP
72.5.42.93,IP
74.121.190.121,IP
74.121.190.140,IP
80.82.64.91,IP
84.38.129.21,IP
84.49.242.125,IP
88.119.169.226,IP
88.204.166.59,IP
91.198.66.112,IP
91.198.66.158,IP
91.222.173.108,IP
91.222.173.110,IP
91.222.173.138,IP
91.222.173.168,IP
91.222.173.30,IP
91.92.248.50,IP
94.177.123.138,IP
97.90.44.200,IP
028xmz.com,Domain
0xraiseup.com,Domain
118274-zoomid.com,Domain
11stnft.click,Domain
15248636.site,Domain
1687715624.inc,Domain
1688dsj.com,Domain
168wangpi.com,Domain
1drvmicrosoft.com,Domain
247l.net,Domain
33cow.com,Domain
360scanner.store,Domain
360share.pro,Domain
3cuartos.com,Domain
3x-tv.com,Domain
4bjt2rceijktwedi.onion,Domain
4caddie.com,Domain
51up.com,Domain
530hr.com,Domain
97nb.net,Domain
aa2akhtech.in,Domain
aarnaitsolution.in,Domain
abilityscan360.com,Domain
abiyz.com,Domain
acanicjquery.com,Domain
acom.capital,Domain
acoustickoala.com,Domain
acroadovw.com,Domain
activity-179384736.site,Domain
activity-permission.online,Domain
addfriend.kr,Domain
adg-japan.com,Domain
aditijindal.com,Domain
admforte.com.br,Domain
admireservices.in,Domain
adrinfinitiniaga.com,Domain
aduresi.com,Domain
advantims.com,Domain
advertapp.me,Domain
ae-zoom.us,Domain
aeon-petro.com,Domain
aeroplans.info,Domain
aes-secure.net,Domain
africamall.chat,Domain
afriinnovativetech.co.za,Domain
afuocolento.it,Domain
agree-business.com,Domain
aiagentnow.online,Domain
aidcore.co.uk,Domain
aideck.net,Domain
aitc.vn,Domain
aixstore.info,Domain
ajaforensicsol.com,Domain
akamaitechnologies.online,Domain
akramportal.org,Domain
alahbabgroup.com,Domain
alchemy-api-v3.cloud,Domain
alkamdevelopers.com.ng,Domain
allamwith.com,Domain
allgraphicart.com,Domain
allinfostudio.com,Domain
allow-permission.online,Domain
alnagm-press.com,Domain
alphabet-in.com,Domain
alphalabs.consulting,Domain
alphatechenterprises.in,Domain
alticgo.com,Domain
alwayswait.online,Domain
alwayswait.site,Domain
alwayswelcome.online,Domain
amazonaws1.info,Domain
amazoncojp.one,Domain
americanhotboats.com,Domain
ampreh.com.ng,Domain
amytanathorn.com,Domain
ando.co.kr,Domain
angeldonationblog.com,Domain
angeloper.com,Domain
angeloperonline.online,Domain
anglerstatic.com,Domain
anifintech.xyz,Domain
anisweb.org,Domain
ankly.net,Domain
anlway.com,Domain
annafalkenau.com,Domain
annovate.tech,Domain
anomgaming.online,Domain
ansetech.co.kr,Domain
answerpanel.org,Domain
antcapital.us,Domain
antifirmware.online,Domain
antifirmware.site,Domain
antifirmware.store,Domain
antiviruscheck.site,Domain
antiviruscheck.store,Domain
anyoneforum.cc,Domain
aooaoollc.com,Domain
ap8898.com,Domain
apars-surgery.org,Domain
api-zoom.com,Domain
apiarc.net,Domain
apnsolution.in,Domain
app-center.download,Domain
app-solaxy.world,Domain
app-zoom.website,Domain
apply-blocknovas.site,Domain
apply-camera.com,Domain
apply-oneof.com,Domain
applylens.com,Domain
apshenyihl.com,Domain
aquaprographix.com,Domain
arar-musique.fr,Domain
arcaoffice.com,Domain
arcashop.org,Domain
areac-agr.com,Domain
artifactsbd.com,Domain
arumdaunresort.com,Domain
as-zoom.us,Domain
ascendrix.us,Domain
assessalign.com,Domain
assessbay.com,Domain
assessdome.com,Domain
assessforhire.com,Domain
assessintel.com,Domain
assessiohq.com,Domain
assessmentbay.com,Domain
assesspro360.com,Domain
assesstoday.com,Domain
assesstrack.com,Domain
astedams.it,Domain
atdfinancial.com,Domain
atokyonews.com,Domain
attisscmo.com,Domain
au-pair.org,Domain
audiocheck.store,Domain
audiopodcasts.co,Domain
auditprovidre.online,Domain
auditprovidre.site,Domain
auditprovidre.store,Domain
aumentarelevisite.com,Domain
authnsecuresystems.com,Domain
auto-fixer.online,Domain
auto-protection.cloud,Domain
auto-protection.services,Domain
auto-secure.cloud,Domain
autocamfixer.online,Domain
autodiscover.vin,Domain
autodriverfix.online,Domain
autofixer.online,Domain
automercado.co.cr,Domain
autoupdate.xyz,Domain
avalabs-digital.online,Domain
avalabs-digital.space,Domain
avillionrabbitry.com,Domain
avisoltechnologies.com,Domain
ayrshire360.com,Domain
azure-defender.cloud,Domain
azure-drive.com,Domain
azure-protect.cloud,Domain
azure-protect.online,Domain
azure-protection.cloud,Domain
azure-protection.online,Domain
azuredefender.online,Domain
azuredeploypackages.net,Domain
azureglobalaccelerator.com,Domain
babyqlimited.com,Domain
backupwizard.net,Domain
ballroller.fun,Domain
bandarpowder.com,Domain
banner-counter.com,Domain
barsaji.com.mx,Domain
baseballcharlemagnelegardeur.com,Domain
bbcnewsagency.com,Domain
bcdm.or.kr,Domain
bearcatalog.info,Domain
beastgoc.com,Domain
beekayprecision.com,Domain
beenos.biz,Domain
beeztrend.com,Domain
bestonlinefilmstudio.org,Domain
beyondnextventures.us,Domain
bico-news.blog,Domain
big-typl.online,Domain
bigrocks918.com,Domain
binancestransfers.com,Domain
biomedsurgcial.com,Domain
biraj-karki.com.np,Domain
bitfiniex.org,Domain
bitnewly.com,Domain
bitscrunch.co,Domain
bitsvertise.com,Domain
bitzone.io,Domain
biz-meeting.site,Domain
biz-zoom.us,Domain
bizmeet.online,Domain
bizmeet.org,Domain
bizmeet.pro,Domain
bizmeeting.org,Domain
bizmeeting.video,Domain
bizsupport365.com,Domain
bizzyclub.org,Domain
blackleopard.world,Domain
blackmatrix.in,Domain
blastapi.org,Domain
blastedlevels.com,Domain
blgbeach.com,Domain
block-digital.online,Domain
block-digital.store,Domain
blockassess.com,Domain
blockchain-assess.com,Domain
blockchain-checkup.com,Domain
blockchain-newtech.com,Domain
blockchain-talent-search.com,Domain
blockchainjobassessment.com,Domain
blockchainjobhub.com,Domain
blockchainnews.vip,Domain
blockchainrecruitment360.com,Domain
blockchainworld.info,Domain
blockfi-krollra.com,Domain
blockfi.loans,Domain
blockforgex.com,Domain
blocknovas.com,Domain
blocknovasllc.com,Domain
blockprices.io,Domain
bloombergnewsagency.com,Domain
bloomcloud.org,Domain
bloxholder.com,Domain
bluecow.com,Domain
bluecreekrobotics.com,Domain
bluedragon.com,Domain
bluekostec.com,Domain
bluemoonresearch.org,Domain
blurbshop.com,Domain
bmanal.com,Domain
bn-cosmo.com,Domain
bobshields.com,Domain
bodyshoppechiropractic.com,Domain
bofhintl.com,Domain
bogorcenter.com,Domain
bokkeriejesj.nl,Domain
bonusdali.com,Domain
boofparadise.com,Domain
book-download.shop,Domain
boolnetwork.xyz,Domain
box-docsend.cloud,Domain
box-docsend.online,Domain
brianrep.com,Domain
broussardinnovations.com,Domain
bsc-dash.us,Domain
btcblender.live,Domain
bu-zoom.us,Domain
buckfast-zucht.de,Domain
builsf.com,Domain
bujey.store,Domain
business-zoom.us,Domain
businessmeet.xyz,Domain
busy-bee-design.com,Domain
butikplus.com,Domain
bybit-assessment.com,Domain
bytecortex.com.br,Domain
bytelinker.net,Domain
byucksanpaint.com,Domain
c365.tech,Domain
cabba-cacao.com,Domain
cadancecove.com,Domain
cadresol.com,Domain
caladangroup.xyz,Domain
calculactcal.org,Domain
calculadoras.mx,Domain
calendly.live,Domain
callapp.us,Domain
callservice.us,Domain
calystiabusiness.com,Domain
camallupdate.cloud,Domain
camdriverhelp.club,Domain
camdriverhub.cloud,Domain
camdrivers.cloud,Domain
camdriverstore.cloud,Domain
camdriversupport.com,Domain
camera-drive.cloud,Domain
camera-drive.org,Domain
cameradriverx.cloud,Domain
campus2career.in,Domain
camtechdrivers.com,Domain
camtuneup.online,Domain
candidateinsightinfo.com,Domain
candidatescope.com,Domain
candy-pdf.com,Domain
canyonzcc.com,Domain
capitalviabtc.com,Domain
capmarketreport.com,Domain
carandcclasic.com,Domain
careerboard.video,Domain
careerinterview360.com,Domain
careerquestion.com,Domain
careerscreeners.com,Domain
carllamb4judge.com,Domain
carrervision.com,Domain
ccsnbao.com,Domain
cdpll-couk.top,Domain
ceinbase.com,Domain
ceionbase.com,Domain
celestikon.com,Domain
certifyedge360.com,Domain
chainanalyser.com,Domain
chainfun365.com,Domain
chaingrown.com,Domain
chainlink-api-v3.cloud,Domain
chainnews-star.com,Domain
chanbang.co.kr,Domain
chat-services.online,Domain
checkdevinc.com,Domain
checknewversion.com,Domain
chemistryworld.us,Domain
chinesekungfu.org,Domain
chipmixer.live,Domain
chrome-browser.cloud,Domain
cicoinbase.com,Domain
cienbase.com,Domain
cieosglobal.com,Domain
cimakcimento.online,Domain
cisco-webex.online,Domain
citce-group.com,Domain
ckite.in,Domain
clarionhpdu.top,Domain
cloud-sheet.net,Domain
cloud-storage.world,Domain
cloudarray.com,Domain
cloudfly.org,Domain
cloudhub24.in,Domain
cloudmgmt.org,Domain
cloudplus.one,Domain
cloudscare.xyz,Domain
cloudsforge.in,Domain
cloudstore.business,Domain
clubinfo.io,Domain
clublogos.io,Domain
cobinase.com,Domain
cobinbase.com,Domain
coca-cola.bond,Domain
code-lab.website,Domain
codebiogblog.com,Domain
codevexillium.org,Domain
codibest.com,Domain
cognitosparkinnovations.com,Domain
coinbalse.com,Domain
coinbase-walet.biz,Domain
coinbase-walet.me,Domain
coinbigex.com,Domain
coinblase.com,Domain
coinbrase.com,Domain
coingecko.bond,Domain
coingotrade.com,Domain
coinhar.io,Domain
coinhouse360.com,Domain
coinibrase.com,Domain
coininbase.com,Domain
coinlenddefi.com,Domain
coinlendefi.com,Domain
coinmaketcape.com,Domain
coinoen.org,Domain
coinpricehub.io,Domain
colasprint.com,Domain
cometnet.biz,Domain
commodore.com.tr,Domain
commoncome.online,Domain
commoncome.site,Domain
commune-fraita.ma,Domain
communicationhub.us,Domain
companydetail.online,Domain
competency-core.com,Domain
completehomenetworks.com,Domain
complexassess.com,Domain
complexassessment.com,Domain
concrecapital.com,Domain
conference-go.online,Domain
confiableindia.com,Domain
conkorea.com,Domain
contentverge.com,Domain
continue-meeting.site,Domain
cooporatestock.com,Domain
copansrl.it,Domain
corebiz.fun,Domain
corecheckmailsrv.com,Domain
coreit.com.pk,Domain
coreladao.com,Domain
coto.live,Domain
coupang-marketing.rest,Domain
coupang-network.pics,Domain
coupang-networks.pics,Domain
coupang-sales.rest,Domain
coupontreezero.com,Domain
cowp.or.kr,Domain
cpromoter.com,Domain
cr-zoom.us,Domain
crabbedly.club,Domain
craptioerne.com,Domain
craypot.live,Domain
creaciontechnologies.com,Domain
creaideck.com,Domain
crostox.com,Domain
cryptais.com,Domain
crypto-assess.com,Domain
crypto-assessment.com,Domain
crypto-briefings.com,Domain
crypto-ecosystem.world,Domain
cryptocopedia.com,Domain
cryptofundsresearch.com,Domain
cryptopriceoffer.com,Domain
cryptowave.capital,Domain
cryptyk.cloud,Domain
cryptyk.info,Domain
ctmnews.kr,Domain
ctrac.online,Domain
curiofirenze.com,Domain
cwwpxpxuswo7b6tr.onion,Domain
cyberconfidential.co.za,Domain
cybernonics.in,Domain
cybertreeindia.com,Domain
cyberub.com,Domain
cybervstacks.in,Domain
cyptian.com,Domain
cyptoconnections.com,Domain
czinfo.club,Domain
dabacof.com,Domain
daehang.com,Domain
dafnefonseca.com,Domain
dafom.dev,Domain
dailynewsagent.com,Domain
daiwa.ventures,Domain
dalbinews.co.kr,Domain
dappspire.com,Domain
datacentre.center,Domain
dbgsymbol.com,Domain
dcprob.com,Domain
ddjm.co.kr,Domain
decentscrippts.com,Domain
deepdriverupdate.online,Domain
deepmindschematic.com,Domain
defitankzone.com,Domain
dellarocca.net,Domain
delta-diving.com,Domain
deltaemis.com,Domain
designautocad.org,Domain
detankwar.com,Domain
devchallengehq.com,Domain
devguardmap.org,Domain
devicefixer.online,Domain
devlineinnovations.co.ke,Domain
devprocloud.com,Domain
dhruvatech.in,Domain
diamondhilllaw.com,Domain
difa.or.kr,Domain
digiboxes.us,Domain
digicyber.org,Domain
digipairx.com,Domain
digitalcurencygroup.co,Domain
digitaldowns.us,Domain
digitalguarder.com,Domain
digitaltalent.review,Domain
digitaltalentassess.com,Domain
digitpotalent.com,Domain
digitptalent.com,Domain
dimer-group.com,Domain
diragame.com,Domain
diregame.live,Domain
disneycareers.net,Domain
distscrippts.com,Domain
ditijindal.com,Domain
ditlousolutions.co.za,Domain
djasw.or.kr,Domain
dldoc.net,Domain
dliklone.online,Domain
doc-protection.cloud,Domain
doc-send.cloud,Domain
doc-send.com,Domain
doc-send.online,Domain
doc-share.cloud,Domain
docentfx.com,Domain
docs-protection.cloud,Domain
docs-protection.online,Domain
docs-protection.top,Domain
docs-send.com,Domain
docs-send.online,Domain
docs-view.cloud,Domain
docsend-host.cloud,Domain
docsend.online,Domain
docsend.site,Domain
docsend.store,Domain
document-content.online,Domain
documentprotect.live,Domain
documentprotect.pro,Domain
documentshare.info,Domain
docuprivacy.com,Domain
docusign.agency,Domain
dodoi.cc,Domain
donmuzzi.site,Domain
doorsteptech.online,Domain
dorusio.com,Domain
downloadcenter.website,Domain
dpkgrepo.com,Domain
drei-schneeballen.de,Domain
drive-access.site,Domain
drive-release.cloud,Domain
drivegoogle.info,Domain
drivercamhub.cloud,Domain
drivercams.cloud,Domain
drivercamsupport.com,Domain
driverpool.online,Domain
driverservices.store,Domain
driversnap.cloud,Domain
driversofthub.online,Domain
driverstream.cloud,Domain
drivertools.org,Domain
drivetools.xyz,Domain
drivfixer.online,Domain
drivhost.store,Domain
dronerc.it,Domain
droof.kr,Domain
drop-box.cloud,Domain
drop-box.info,Domain
drop-box.store,Domain
dropbox-docsend.cloud,Domain
dropbox-docsend.online,Domain
dropbx-doc.online,Domain
dropfile.cloud,Domain
dropfile.online,Domain
dropke.org,Domain
drupdate.club,Domain
drvfixer.online,Domain
dsharefile.tech,Domain
dsx-app.com,Domain
dtgm.ovh,Domain
dubbedfinally.link,Domain
earthtechnologis.co.za,Domain
easydriver.cloud,Domain
easyhiringtool.com,Domain
easyinterview360.com,Domain
easyview.kr,Domain
easyvps.net,Domain
easywalletconnect.com,Domain
ecareerscan.com,Domain
eclairdomain.com,Domain
ecolerubanvert.com,Domain
ecombox.store,Domain
ecordillos.com,Domain
edenenc.co.kr,Domain
edividy.pro,Domain
edoble.in,Domain
edujikim.com,Domain
effectiveengineeringleader.com,Domain
eflow.co.kr,Domain
eftoll.info,Domain
egreenland.co.kr,Domain
electoralvictory.site,Domain
elite4print.com,Domain
elitehireaxis360.com,Domain
eliteshire.com,Domain
elitetalent360.com,Domain
elitewholetalent.com,Domain
elshaik.com,Domain
elsouq.org,Domain
elwoodasset.xyz,Domain
emilypress.com,Domain
emsystec.com,Domain
en-zoom.us,Domain
encontrosmaracatu.com.br,Domain
encorpost.com,Domain
engedzanitechnologies.co.za,Domain
enki.co.kr,Domain
enrollcrux.com,Domain
enterpriseheroes.com.ng,Domain
envy-labs.com,Domain
eoinbase.com,Domain
epicms.com.pk,Domain
er-zoom.us,Domain
erickeleo.com.br,Domain
erpmas.co.kr,Domain
esilet.com,Domain
eskillence.com,Domain
eskillfolio.com,Domain
eskillforge.com,Domain
eskillmetric.com,Domain
eskillora.com,Domain
eskillpilot.com,Domain
eskillprof.com,Domain
eskillprov.com,Domain
essendantdock.online,Domain
ethzone.io,Domain
etoffcoinbase.com,Domain
evalassesso.com,Domain
evalonboard.com,Domain
evalswift.com,Domain
evaluateiq.com,Domain
evalvideo.com,Domain
evalvidz.com,Domain
eventorg.online,Domain
evoford.com,Domain
ewha-ac.ml,Domain
expertssavingai.com,Domain
express--vpn.com,Domain
extrazoom.us,Domain
fabianiarte.com,Domain
fabioluciani.com,Domain
falcancoin.io,Domain
fashdefi.store,Domain
fast-video-recording.com,Domain
fasttet.com,Domain
febintllc.com,Domain
fetchtalent360.com,Domain
fhewkhwjehwekjfhwehfwe.com,Domain
fidelitydigitalsassets.com,Domain
fidesarte.it,Domain
filehost.network,Domain
files-archive.online,Domain
filesaves.cloud,Domain
filesspace.xyz,Domain
financecap.io,Domain
financialtimes365.com,Domain
find-dreamjob.com,Domain
findhelptalent360.com,Domain
finovec.co.ke,Domain
fireblocks.vip,Domain
fireblocksinsight.com,Domain
firexch.com,Domain
firstalliance.church,Domain
fitnessdirector.net,Domain
fivebit.io,Domain
fix-driver.online,Domain
fix-drivers.online,Domain
fixdiskpro.online,Domain
fixnap.com,Domain
floriventuresfund.com,Domain
fmi-link.info,Domain
fmose.com,Domain
focuscamere.com,Domain
footer.mov,Domain
forecareer.com,Domain
fored.or.kr,Domain
foxiebed.com,Domain
france24.live,Domain
franksweeklycall.com,Domain
fredrikarnell.com,Domain
free-loader.org,Domain
freeforum.co,Domain
freenet-zhilly.org,Domain
freezologi.com,Domain
friendmc.com,Domain
friendship.me,Domain
fronterixbusiness.com,Domain
fsdriveshare.org,Domain
ftutech.store,Domain
ftxstock.com,Domain
fudcitydelivers.com,Domain
fundcandidates.com,Domain
funnyboy0719.fun,Domain
gadgetproteam.com,Domain
gamesmasterbb.com,Domain
gangaaramtechnologies.in,Domain
gaonwell.com,Domain
gatexpiring.com,Domain
gaurisoft.com,Domain
gbclabs.com,Domain
gbflatinamerica.com,Domain
gcloud-share.com,Domain
gdocshare.com,Domain
gdocshare.one,Domain
gdriveupload.info,Domain
gdrvup.xyz,Domain
geeks-board.com,Domain
gemperts.com,Domain
gendoraduragonkgp126.com,Domain
general-meet.online,Domain
general-meet.site,Domain
general-meet.team,Domain
general-meeting.team,Domain
genieaccount.com,Domain
getcoinprice.info,Domain
getdonald.xyz,Domain
gethirednow.org,Domain
gethiring360.com,Domain
getstockprice.com,Domain
getstockprice.info,Domain
getursoft.in,Domain
gfinanzen.net,Domain
giantblock.org,Domain
git-hub.me,Domain
gladneyocivpsdedinvme4.com,Domain
glitchmedic.com,Domain
global-job.org,Domain
globalelitehire.com,Domain
globiscapital.co,Domain
globiscapitals.com,Domain
gmaildrive.site,Domain
gncaf.or.kr,Domain
gnxcepro.com,Domain
goglestorage.com,Domain
goingladies.com,Domain
golendusformacion.com,Domain
golite.vn,Domain
gongsilbox.com,Domain
gongsinet.kr,Domain
gonnelli.it,Domain
goodfriend.pro,Domain
goodproject.xyz,Domain
google-clouds.com,Domain
googleauth.pro,Domain
googledocpage.com,Domain
googledriver.info,Domain
googleproduct.org,Domain
googlesheetpage.org,Domain
googleupload.info,Domain
goojoo.net,Domain
goqua.org.in,Domain
gossipsnare.com,Domain
gozdeelektronik.net,Domain
gp-core.com,Domain
gp-main.com,Domain
grainituae.com,Domain
grandgolf.co.kr,Domain
greendottb.com,Domain
greendtb.com,Domain
greennovadigital.com,Domain
greenroad.top,Domain
greenservice.tech,Domain
greenvideo.nl,Domain
greenways.shop,Domain
greyspireinnovation.com,Domain
groundwolf.sbs,Domain
group-meet.online,Domain
group-meet.site,Domain
group-meet.team,Domain
group-meeting.online,Domain
group-meeting.pro,Domain
group-meeting.team,Domain
groutmix.co.za,Domain
growzy.tech,Domain
grtclean.ai,Domain
grtcleanai.com,Domain
grupogolendus.com,Domain
gsheetpage.com,Domain
gsheetshare.org,Domain
gsoftcompany.com,Domain
gsuiteshare.com,Domain
gtreksolution.co.ke,Domain
gulf-byte-it.com,Domain
gumi-cryptos.loan,Domain
gumicryptos.com,Domain
gwmspacegpt.com,Domain
gyro3d.com,Domain
h-cube.co.kr,Domain
h34fdfbm.store,Domain
haazlo.com,Domain
haciendadeclarevot.com,Domain
haciendasacchich.com,Domain
haifeizhang.com,Domain
hanagroup.live,Domain
hanagroup.video,Domain
hanbook.co.kr,Domain
hankooktop.com,Domain
hanlasangjo.com,Domain
hansolhope.or.kr,Domain
hanumantainfotech.com,Domain
happinesscc.com,Domain
harsudhtechnologies.site,Domain
hartmanmcapital.com,Domain
hateoo.space,Domain
healthpro.or.kr,Domain
heart-blossom.org,Domain
hellofriend.pro,Domain
help-optus.com,Domain
helpdeskassistance.org,Domain
heritagetbk.com,Domain
heromessi.com,Domain
hhzhu.com,Domain
hillokay.com,Domain
hirefeedbacker.com,Domain
hirehatch360.com,Domain
hirelytics360.com,Domain
hiremployee.com,Domain
hireqora.com,Domain
hirequestion.com,Domain
hireskillhub.com,Domain
hiresyncer.us,Domain
hiretestzone.com,Domain
hireviavideo.com,Domain
hiring-interview.com,Domain
hiringinterview.org,Domain
hiringinterview360.com,Domain
hiringtalent.pro,Domain
hiringtestpro.com,Domain
hirokawaunso.co.jp,Domain
hitechpune.co.in,Domain
hivekorea.com,Domain
hk05web.us,Domain
hmedical.co.kr,Domain
home-continue.online,Domain
home-proceed.online,Domain
hondchain.com,Domain
honehsn.com,Domain
hospitality-partners.co.jp,Domain
hotstreamx.stream,Domain
hsbutton.co.kr,Domain
hspje.com,Domain
hstudymall.co.kr,Domain
humingbot.io,Domain
hunt.io,Domain
hurricanepub.com,Domain
hyacinth.cloud,Domain
hyperchaincapital.online,Domain
hyphen-connect.com,Domain
iboyotech.com,Domain
icareerc.com,Domain
ics-kr.com,Domain
ictm.or.kr,Domain
idioctis.com,Domain
ido-epargne.com,Domain
ignitexsolutions.com,Domain
ikrea.or.kr,Domain
ilhak.co.kr,Domain
ilovesvc.com,Domain
imediaafrica.com,Domain
imoda.site,Domain
inashtech.com,Domain
indaddy.xyz,Domain
indagator.club,Domain
indeedus.org,Domain
index-consulting.jp,Domain
indobit.io,Domain
industryinfostructure.com,Domain
industrysolutiongroup.com,Domain
infinitech.co.in,Domain
infinity4it.com,Domain
inflecto.pro,Domain
infocop.me,Domain
infuy.us,Domain
innerteams.us,Domain
innoenergy.info,Domain
innovateinc.fun,Domain
innoventumtech.com,Domain
inoozar.com,Domain
inovecommerce.com.br,Domain
insideforum.me,Domain
insight-hire.com,Domain
insight-interview.com,Domain
insightboosts.com,Domain
insightquestion.com,Domain
insomnianwin.site,Domain
instant-patch.online,Domain
internal-meet.online,Domain
internal-meet.team,Domain
internal-meet.xyz,Domain
internal-meeting.cyou,Domain
internal-meeting.online,Domain
internal-meeting.site,Domain
interview-talent.com,Domain
interviewhub.org,Domain
interviewnest.org,Domain
interviews360.com,Domain
interviewskillmaster.com,Domain
intervu-talent.pro,Domain
intervwolf.com,Domain
interzoom.us,Domain
intro-crypto-assess.com,Domain
investbooking.de,Domain
invesuccess.com,Domain
invoicez.xyz,Domain
invored.com,Domain
irymia.pl,Domain
isatinfotech.com,Domain
isgranada.com,Domain
ismartrium.com,Domain
itaddnet.com,Domain
itfebsolutions.co.za,Domain
itsofttech.org,Domain
itsupportzoran.com,Domain
itworldinternational.com,Domain
itwsolrizeindia.com,Domain
ixcareer.com,Domain
ixcareers.com,Domain
ixscreen.com,Domain
j-rl.com,Domain
ja-fc.or.jp,Domain
jaicvc.com,Domain
jbic.us,Domain
jdkgradle.com,Domain
jinjinpig.co.kr,Domain
jkmusic.co.kr,Domain
jmttrading.org,Domain
job-career-portal.com,Domain
job-description.online,Domain
jobdescription.online,Domain
jobinterview360.com,Domain
jobinterviewguide.org,Domain
jobinterviews360.com,Domain
joblitic.com,Domain
jobskillmatch360.com,Domain
joinustoday.online,Domain
josephcleaningservicesllc.com,Domain
jp-zoom.com,Domain
jquery-release.com,Domain
jquerycloud.io,Domain
jqueryversion.net,Domain
juliesoskin.com,Domain
jumping-mechellen.com,Domain
juneprint.com,Domain
jungfrau.co.kr,Domain
justbuiltprojects.com.au,Domain
justholdfast.com,Domain
juvillage.co.kr,Domain
k-kiosk.com,Domain
kadsm.org,Domain
kannadagrahakarakoota.org,Domain
karin-store.com,Domain
kartacnictvi.cz,Domain
kas-technology.com,Domain
katawaku.jp,Domain
katztechgroup.com,Domain
kbcwainwrightchallenge.org.uk,Domain
kdone.co.kr,Domain
kenpa.org,Domain
kenzou.co.in,Domain
keondigital.com,Domain
keyang.co.kr,Domain
kfcjn.com,Domain
kgsa1015.co.kr,Domain
khmcpharm.com,Domain
kingsvc.cc,Domain
kirschneigroup.com,Domain
kittimasszazs.hu,Domain
kkvps.buzz,Domain
kmsignite.dev,Domain
kodecamp.org,Domain
koliinfotech.company,Domain
krakenfolio.com,Domain
krakenhire.com,Domain
krakenmeetings.com,Domain
kryptoneer.com,Domain
kscmfs.or.kr,Domain
ksmarathon.com,Domain
ktri.or.kr,Domain
kupaywallet.com,Domain
kwwa.org,Domain
langitinfo.com,Domain
lastedforcast.com,Domain
latamics.org,Domain
lavaandstone.com,Domain
layen.co,Domain
ld-digitaal.com,Domain
leadsblue.com,Domain
leaguehub.net,Domain
leavetecs.online,Domain
lebamfinancials.com,Domain
ledgemail.net,Domain
ledgep.net,Domain
leemble.com,Domain
letsmeetnow.site,Domain
levelframeblog.com,Domain
lianxinxiao.com,Domain
lif0.top,Domain
lightingmart.co.kr,Domain
lightkingstar.com,Domain
limitlesstechltd.com,Domain
linforthsolutions.com,Domain
linkedinservice.us,Domain
linkundlink.de,Domain
linquana.com,Domain
litslink.online,Domain
little-pet.com,Domain
live-meeting.world,Domain
livehirehub.com,Domain
livehirepro.com,Domain
livehiringhub.com,Domain
livehiringpro.com,Domain
liveonedrvshare.xyz,Domain
livesnotnumbers.org,Domain
livetalentpro.com,Domain
lm-career.com,Domain
lmaxtrd.com,Domain
loading-coinbase.com,Domain
logoeye.net,Domain
logosports.net,Domain
loneeaglerecords.com,Domain
loonsaloon.com,Domain
lspmaestro.com,Domain
lucas-gaming.com,Domain
luckywatermelon.xyz,Domain
lunoxbet77--yes.site,Domain
lunoxbet77rain.baby,Domain
lunoxbet77rain.online,Domain
lunoxbet77rain.store,Domain
lunoxbet77speed.site,Domain
luosongs.shop,Domain
luxmodelagency.com,Domain
lwac.com,Domain
lyzeum.com,Domain
m-omeets.online,Domain
m-rna.com.tr,Domain
m-teams.live,Domain
maaetech.in,Domain
macamhelp.online,Domain
mail-roundcube.site,Domain
mailcontactteam.online,Domain
mailcustomerservice.site,Domain
mailhelp.online,Domain
mailmanagecorp.online,Domain
mailsecurity.email,Domain
mailservicecorp.online,Domain
mailserviceteam.email,Domain
mainbiz.or.kr,Domain
makerzonelanka.com.lk,Domain
mamta-electronics.com,Domain
manhotline.or.kr,Domain
mannpublicwhseltd.com,Domain
mante.li,Domain
mappo-on.life,Domain
mariamchurch.com,Domain
marketplacepcai.com,Domain
markettrendingcenter.com,Domain
marmarademo.com,Domain
martiancartel.com,Domain
massmedia24.com,Domain
mat-techcore.org,Domain
materialindia.in,Domain
materic.or.kr,Domain
matrixane.com,Domain
matteoragazzini.it,Domain
mavenradar.com,Domain
mayonestore.online,Domain
mbafleet.com,Domain
mbrainingevents.com,Domain
mclearoptical.com,Domain
mclland.com,Domain
mdim.in.ua,Domain
medcialbiotop.com,Domain
mediajourney.digital,Domain
mediaprime.team,Domain
medric.or.kr,Domain
meet-client.online,Domain
meet-safe.online,Domain
meetcentralhub.online,Domain
meeting-central.online,Domain
meeting-hub.online,Domain
meeting-online.site,Domain
meeting-pro.online,Domain
meeting-zone.online,Domain
meetingjoin.us,Domain
meetingzoom.org,Domain
meetup-zone.online,Domain
meetwithhealthyh2o.com,Domain
melakutamiruauditing.com,Domain
memecoinmania.net,Domain
mgwastemanagement.com,Domain
microfinance.work,Domain
micronlab.com,Domain
microshare.cloud,Domain
micrsofts.tech,Domain
milancyber.com,Domain
mingeloem.com,Domain
mirotalk.net,Domain
mizuhogroup.uk,Domain
mktrending.com,Domain
mo-events.online,Domain
mocki.io,Domain
mojait.co.za,Domain
mojuko.co.za,Domain
mokawafm.com,Domain
momentumspace.top,Domain
moonge.cc,Domain
moonsys.co,Domain
motionassess.com,Domain
mouradvps43hostwin.online,Domain
mouradvps8hostwin.online,Domain
msftoffice.com,Domain
msteam.biz,Domain
mudeungsan.or.kr,Domain
mufg.tokyo,Domain
muijae.com,Domain
mulvara.co.za,Domain
muyunqichen.com,Domain
muzeyyengroup.com,Domain
mydealoman.com,Domain
myemail.works,Domain
mygametoa.com,Domain
myqr-generator.com,Domain
myrareaesthetics.com,Domain
mythicaigames.foundation,Domain
mythicalgames.foundation,Domain
myungokhun.co.kr,Domain
nadlan-dubai.com,Domain
namchoncc.co.kr,Domain
namchuncheon.co.kr,Domain
nansenpro.org,Domain
natefi.org,Domain
navcopcenter.tech,Domain
navcorpmanager.site,Domain
naveeocorp.xyz,Domain
naveicoipa.tech,Domain
naveicoipc.tech,Domain
naveicoipd.tech,Domain
naveicoipe.tech,Domain
naveicoipf.online,Domain
naveicoipg.online,Domain
naveicoiph.online,Domain
navenida.live,Domain
navenida.site,Domain
navenidb.live,Domain
navenidb.site,Domain
navenidc.live,Domain
navenidc.site,Domain
navenidd.site,Domain
navenide.site,Domain
navenidf.site,Domain
naveorseccorp.link,Domain
naveracom.link,Domain
naveradmin01.link,Domain
naveranid.link,Domain
naveranid.live,Domain
naveranid.online,Domain
naverbcom.link,Domain
naverbnid.live,Domain
naverbnid.online,Domain
naverccom.link,Domain
navercert.live,Domain
navercert.online,Domain
navercnid.link,Domain
navercnid.online,Domain
navercoa.store,Domain
navercob.store,Domain
navercoc.store,Domain
navercod.store,Domain
navercoe.store,Domain
navercoma.link,Domain
navercoma.online,Domain
navercomb.link,Domain
navercomb.online,Domain
navercomb.tech,Domain
navercomc.link,Domain
navercomc.online,Domain
navercomc.tech,Domain
navercomd.link,Domain
navercomd.online,Domain
navercome.link,Domain
navercome.online,Domain
navercome.tech,Domain
navercomf.link,Domain
navercomf.online,Domain
navercomg.link,Domain
navercomh.link,Domain
navercop.link,Domain
navercop.online,Domain
navercorp.email,Domain
navercorp.live,Domain
navercorpl.tech,Domain
navercorpr.online,Domain
navercorpservice.com,Domain
navercorpteam.com,Domain
navercscorp.com,Domain
naverenid.online,Domain
naverfnid.online,Domain
navergnid.online,Domain
naverhnid.online,Domain
naverhost.live,Domain
naverinid.com,Domain
naverinid.online,Domain
naverjnid.online,Domain
naverlogn.live,Domain
navermailcorp.com,Domain
navermailmanage.com,Domain
navermailservice.com,Domain
navermailservice.online,Domain
navermailteam.online,Domain
navermanage.com,Domain
navermanage.live,Domain
navermanage.space,Domain
navermanageteam.com,Domain
navermcorp.com,Domain
navernida.link,Domain
navernida.online,Domain
navernida.tech,Domain
navernidb.link,Domain
navernidb.online,Domain
navernidb.tech,Domain
navernidc.link,Domain
navernidc.online,Domain
navernidc.tech,Domain
navernidd.live,Domain
navernidd.online,Domain
navernide.online,Domain
navernidlog.live,Domain
navernidmail.com,Domain
naverorteam.link,Domain
naverreda.xyz,Domain
naverredc.xyz,Domain
naverredd.xyz,Domain
naverrede.xyz,Domain
naverredirect.live,Domain
naversecurityservice.online,Domain
naversecurityteam.com,Domain
naverservice.email,Domain
naverservice.host,Domain
naverservice.link,Domain
naverserviceteam.com,Domain
naverserviceteam.email,Domain
naverteam.live,Domain
naverteamcorp.live,Domain
navreplya.live,Domain
navreplya.online,Domain
navreplyb.live,Domain
navreplyd.live,Domain
navreplye.live,Domain
navreplyf.site,Domain
navreplyg.site,Domain
navreplyh.site,Domain
navreplyi.site,Domain
navreplyj.site,Domain
navreplyk.site,Domain
navteamcorp.link,Domain
nawar.site,Domain
nd6u0.asia,Domain
ne-ba.org,Domain
necaled.com,Domain
neoays.com,Domain
neohr.co.kr,Domain
nettemsoftware.in,Domain
netzenix.co.in,Domain
neuralisitsolutions.com,Domain
new-q-cells.com,Domain
newbusantour.co.kr,Domain
newcoming.cfd,Domain
newfromjune.xyz,Domain
newidealupvc.com,Domain
newsbtctech.com,Domain
nexcloudinfo.com,Domain
nextera.capital,Domain
nextlevelliving.pro,Domain
nextlinktechnologies.net,Domain
nexvergetech.com,Domain
ngkore.com,Domain
ngkore.org,Domain
nhn-games.com,Domain
nibsbridge.com,Domain
nibsbridge.in,Domain
nidbnaver.tech,Domain
nidcnaver.tech,Domain
niddnaver.tech,Domain
nidnavera.online,Domain
nidnavere.online,Domain
nilmangkorncyber.com,Domain
nobaton.ltd,Domain
nomadzsolutions.com,Domain
nomanstone.shop,Domain
nonstopexpress.com,Domain
nor-health.xyz,Domain
noreplya.xyz,Domain
noreplyb.xyz,Domain
norg-abc.com,Domain
notaiospuglisi.com,Domain
notebooksell.kr,Domain
novasmart.in,Domain
nprservices.in,Domain
nrfm.lk,Domain
numantrainfotech.com,Domain
nuwan-softgroup.com,Domain
nv-onlines.info,Domain
nvidia-cloud.online,Domain
nvidia-drive.cloud,Domain
nvidia-release.cloud,Domain
nvidia-release.org,Domain
nvidia-release.us,Domain
nvrcopa.link,Domain
nvrcopb.link,Domain
nvrcopc.link,Domain
nvrcope.site,Domain
nvrcopf.site,Domain
nvricop.online,Domain
nvrjcop.online,Domain
nzssdm.com,Domain
octo-manage.net,Domain
offerings.cloud,Domain
office-theme.com,Domain
officezoom.us,Domain
ofo-home.top,Domain
oilycargo.com,Domain
okkids.kr,Domain
olaestudiocreativo.com,Domain
olenaunhurianu.com,Domain
olidhealth.com,Domain
on-global.xyz,Domain
oncehub.co,Domain
onchainhiringtool.com,Domain
onedocshare.com,Domain
oneweb-host.com,Domain
online-globaleurope.com,Domain
online-meet.team,Domain
online-meet.xyz,Domain
online-meeting.co,Domain
online-meeting.community,Domain
online-meeting.pro,Domain
online-meeting.site,Domain
online-meeting.social,Domain
online-meeting.team,Domain
online-meeting.xyz,Domain
online-meets.online,Domain
online-meets.pro,Domain
online-meets.site,Domain
online-meets.xyz,Domain
online-processing.online,Domain
online-protection.cloud,Domain
online-video-services.site,Domain
onlinecloud.cloud,Domain
onlinedoc.dev,Domain
onlinedocview.biz,Domain
onlinemeet.pro,Domain
onlinesearchlic.com,Domain
onlineshares.cloud,Domain
onlinestockwatch.net,Domain
onlynova.org,Domain
onrtech.fr,Domain
open-sc.xyz,Domain
open-src.org,Domain
openfort-team.xyz,Domain
openfort.video,Domain
openfort.xyz,Domain
opensend.online,Domain
opsonew3org.sg,Domain
ougreen.com,Domain
ovcloud.online,Domain
ownemail.me,Domain
oyatsu.org,Domain
paghera.com,Domain
panelcvedata.com,Domain
pannel-get-data.us,Domain
panteracapital.ventures,Domain
papers0urce.com,Domain
parallaxdigital.online,Domain
patchpal.pro,Domain
patternsinfotech.in,Domain
paulkaren.com,Domain
paxos-video-interview.com,Domain
paxos-video-talk.com,Domain
paxosassessments.com,Domain
paxosfuture.com,Domain
paxosinterview.com,Domain
paxosvideointerviewassesment.com,Domain
payloadrpc.com,Domain
pcdesk.co.kr,Domain
pdf-candy.com,Domain
pdftool25.com,Domain
peacockengr.com,Domain
pediatrics.or.kr,Domain
pegasusco.net,Domain
pennontraders.com,Domain
pgak.net,Domain
phantom-phantomwallet.us,Domain
phantomwallet-us.us,Domain
phoenixaircraft.com.au,Domain
phubauto.space,Domain
phukien2a.net,Domain
phygitaltech.in,Domain
picktime.live,Domain
picwe-team.com,Domain
pilotview.cloud,Domain
pinkgoat.com,Domain
pitisalot.site,Domain
pkginstall.net,Domain
pkppl.com,Domain
plasiohomeautomation.com,Domain
platosweb.com,Domain
plexisco.com,Domain
pointdnt.com,Domain
policyupdates.info,Domain
polyboatowners.com,Domain
portalcorpteam.com,Domain
postedviral.com,Domain
prajeshpatel.com,Domain
pre-zoom.us,Domain
precisioncoderss.com,Domain
preconnection.online,Domain
prehighiq.com,Domain
prehireiq.com,Domain
presentations.life,Domain
presentonline.xyz,Domain
prestigein-am.jp,Domain
previewaccess-doc.online,Domain
preyfoxtechnology.com,Domain
primestacks.org,Domain
primez.online,Domain
privacysign.org,Domain
private-kurier.com,Domain
private-meet.online,Domain
private-meet.team,Domain
private-meet.xyz,Domain
private-meeting.online,Domain
private-meeting.xyz,Domain
privatenetwork.online,Domain
privatepool.store,Domain
privatework.buzz,Domain
privymeet.com,Domain
products.do,Domain
professionalsnapshot.com,Domain
professiondesc.com,Domain
prohirevideo.com,Domain
prominenttrades.in,Domain
propertys-shop.com,Domain
propro.jp,Domain
prosec.ink,Domain
protection-service.cloud,Domain
protectli.online,Domain
protectoffice.club,Domain
prototypetrains.com,Domain
provevidskillcheck.com,Domain
provideodrivers.cloud,Domain
pttpa.com,Domain
publishapp.co,Domain
purewatertokyo.com,Domain
purplebear.com,Domain
puskesmas-terminal.com,Domain
pvacek.cz,Domain
pypilibrary.com,Domain
pypistorage.com,Domain
qasaralbahar.com,Domain
qooqle.download,Domain
quantumdev.online,Domain
quantumnodespro.com,Domain
qubemindz.com,Domain
quecue.kr,Domain
queryyard.com,Domain
questionnairehq.com,Domain
quickassessio.com,Domain
quickcamfix.online,Domain
quickdriverupdate.online,Domain
quickhire360.com,Domain
quickhiretest.com,Domain
quickinterview360.com,Domain
quickproassess.com,Domain
quickskill-review.com,Domain
quickskillup.us,Domain
quickvidintro.com,Domain
quintlogic.com,Domain
quiz-nest.com,Domain
quizpathway.com,Domain
quizterview.com,Domain
quonexa.com,Domain
rabbywallet-app.us,Domain
racksuphde.xyz,Domain
racondog.shop,Domain
radianttechnosft.in,Domain
radiographers.org,Domain
raibsinfotech.com,Domain
raiestatesandbuilders.com,Domain
rajmatienterprises.in,Domain
rapiddrivers.cloud,Domain
rapisigns.com,Domain
ratanpolyelastomers.com,Domain
rebelthumb.net,Domain
recruitboard.video,Domain
reddish-dawn.store,Domain
redirect-smartwallet.com,Domain
regular-meet.online,Domain
regular-meet.site,Domain
regular-meet.team,Domain
regular-meeting.online,Domain
regular-meeting.pro,Domain
regular-meeting.site,Domain
regular-meeting.team,Domain
regular-meeting.xyz,Domain
release-driver.online,Domain
release-drivers.online,Domain
releasedrive.live,Domain
reliableservers.org,Domain
remoteproweb.cfd,Domain
replaydreary.com,Domain
repohost.online,Domain
resumegenie.us,Domain
retailpackagingpartner.xyz,Domain
retrots.net,Domain
rgedist.com,Domain
rhythm86.com,Domain
ric-camid.re.kr,Domain
robosolutionsbd.com,Domain
rodaxsankyokorea.com,Domain
roit.co.kr,Domain
roleassessor.com,Domain
rolefit360.com,Domain
rolematches.com,Domain
rolltojoin.com,Domain
ronaldo-nftprojects.shop,Domain
room-connect.online,Domain
room-meeting.xyz,Domain
roomconnect.online,Domain
rowdensurname.org,Domain
rsdf.kr,Domain
rtupdates.net,Domain
runningcloudx.com,Domain
rvprconsultancy.com,Domain
rwa-team.video,Domain
ryzelabs.net,Domain
sabrpartner.com,Domain
sadborgroup.site,Domain
safe-meeting.online,Domain
safe-meeting.site,Domain
safefinanceltd.com,Domain
safemeeting.online,Domain
safemotors.co.kr,Domain
saibersys.com,Domain
saldymosistemos.eu,Domain
salessgroupss.live,Domain
salmonrabbit.com,Domain
salt1ending.com,Domain
samwoosystem.co.kr,Domain
sanatoliacare.com,Domain
sandwich-factory.buzz,Domain
sbackservice.com,Domain
scertodisha.nic.in,Domain
scimpex.com,Domain
screenquestion.com,Domain
screenquestions.com,Domain
sctemarkets.com,Domain
scuretech.com,Domain
sdhsdfhsd.com,Domain
secfilecert.com,Domain
secureshares.online,Domain
securityanddatasolutions.com,Domain
selinicapital.online,Domain
selinicapital.xyz,Domain
sellinicapital.com,Domain
semiconductboard.com,Domain
seoulanesthesia.or.kr,Domain
seouldementia.or.kr,Domain
serversnoti.com,Domain
servintec.net,Domain
servodev.in,Domain
seyoo.net,Domain
shahrtdc.com,Domain
share-meeting.online,Domain
sharebusiness.xyz,Domain
sharesvr.net,Domain
shconstmarket.com,Domain
shcpump.com,Domain
shieldonline.co.za,Domain
shikshakibaat.com,Domain
shimonitservices.com,Domain
shinwonbook.co.kr,Domain
shipshorejob.com,Domain
shivanshitsolutions.com,Domain
shopandtravelusa.com,Domain
shopapppro.com,Domain
shopapptech.com,Domain
shoppingbagsdirect.com,Domain
shopweblive.com,Domain
shopwebstudio.com,Domain
showmanroast.com,Domain
shplh.com,Domain
shrikhatushyamjidigital.com,Domain
sideforum.cc,Domain
signalhands.co.bw,Domain
signinbd.com,Domain
silvergatehr.com,Domain
sinae.or.kr,Domain
sinokor-eng.com,Domain
siriuskorea.co.kr,Domain
situsslotdepo10k.org,Domain
sixbitsmedia.com,Domain
skeey.in,Domain
skill-bridges.com,Domain
skill-share.org,Domain
skillcheck.pro,Domain
skillence360.com,Domain
skillhiretrack.com,Domain
skillmasteryhub.org,Domain
skillmasteryhub.us,Domain
skillpilothq.com,Domain
skillprooflab.com,Domain
skillprops.com,Domain
skillquestion.com,Domain
skillquestions.com,Domain
skillsquestions.com,Domain
skillstandard360.com,Domain
skilluplifestylehub.com,Domain
skillvisions.com,Domain
sktelecom.help,Domain
sky-meeting.com,Domain
skyboxdrive.cloud,Domain
skylinetechsinc.com,Domain
skypredict.org,Domain
smart-contracts.blog,Domain
smartaudpor.com,Domain
smartchecker.online,Domain
smartdevcloud.sbs,Domain
smartdriverfix.cloud,Domain
smartdriverfixer.com,Domain
smartdrvupdate.online,Domain
smarthiretop.online,Domain
smartmanagerex.com,Domain
smartscreenfilter.com,Domain
smartvideoassess.com,Domain
smartvideohire.com,Domain
smartvirtual-assessment.com,Domain
smartwalletfinder.com,Domain
smbcgroup.uk,Domain
smilekeepers.co,Domain
smrtassess.com,Domain
snum.or.kr,Domain
soar.vip,Domain
sobatrinjani.net,Domain
soccerlab.io,Domain
sofa.rs,Domain
soft-dev.online,Domain
softapp.co.kr,Domain
softcaredesk.pro,Domain
softcloudnet.co,Domain
softcps.co.in,Domain
softdebugnest.pro,Domain
softglide.co,Domain
softshare.online,Domain
softwaresphereit.com,Domain
sonear-sports.com.cn,Domain
sonetic-ae.com,Domain
song.th,Domain
sora.bz,Domain
sourcecodered.com,Domain
spbtech.site,Domain
speakure.com,Domain
speeduneasy.com,Domain
sportsblogweb.com,Domain
sshsoftwares.in,Domain
sslsharecloud.net,Domain
ssoc.cl,Domain
sssaaaafdafa.top,Domain
sssss.co.in,Domain
stablehouses.info,Domain
stablemarket.org,Domain
staffordlaboratories.com,Domain
standard-ai.org,Domain
star-bucks.autos,Domain
star-bucks.beauty,Domain
star-bucks.boats,Domain
star-bucks.bond,Domain
star-bucks.cam,Domain
star-bucks.cfd,Domain
star-bucks.click,Domain
star-bucks.com,Domain
star-bucks.fun,Domain
star-bucks.gay,Domain
star-bucks.guru,Domain
star-bucks.homes,Domain
star-bucks.lol,Domain
star-bucks.makeup,Domain
star-bucks.mom,Domain
star-bucks.motorcycles,Domain
star-bucks.net,Domain
star-bucks.pics,Domain
star-bucks.quest,Domain
star-bucks.rest,Domain
star-bucks.sbs,Domain
star-bucks.shop,Domain
star-bucks.skin,Domain
star-bucks.store,Domain
star-bucks.tattoo,Domain
star-bucks.today,Domain
star-bucks.top,Domain
star-bucks.xyz,Domain
star-bucks.yachts,Domain
starbocks.shop,Domain
starbocks.yachts,Domain
starbuck-coffee.cfd,Domain
starbuckex.beauty,Domain
starbucks-corp.art,Domain
starbucks-goodsitem.cfd,Domain
starbucks-greenapron.lol,Domain
starbucks-greenapron.rest,Domain
starbucks-greenapronnft.click,Domain
starbucks-greenaprons.cfd,Domain
starbucks-newtech.bond,Domain
starbucks-newtech.cfd,Domain
starbucks-odyssey.shop,Domain
starbucks-services.cyou,Domain
starbucks-support.store,Domain
starbuckscenter.autos,Domain
starbuckscenter.beauty,Domain
starbuckscenter.boats,Domain
starbuckscenter.bond,Domain
starbuckscenter.cam,Domain
starbuckscenter.cfd,Domain
starbuckscenter.click,Domain
starbuckscenter.com,Domain
starbuckscenter.fun,Domain
starbuckscenter.gay,Domain
starbuckscenter.guru,Domain
starbuckscenter.homes,Domain
starbuckscenter.life,Domain
starbuckscenter.lol,Domain
starbuckscenter.makeup,Domain
starbuckscenter.mom,Domain
starbuckscenter.motorcycles,Domain
starbuckscenter.net,Domain
starbuckscenter.pics,Domain
starbuckscenter.quest,Domain
starbuckscenter.rest,Domain
starbuckscenter.sbs,Domain
starbuckscenter.shop,Domain
starbuckscenter.skin,Domain
starbuckscenter.store,Domain
starbuckscenter.tattoo,Domain
starbuckscenter.today,Domain
starbuckscenter.top,Domain
starbuckscenter.xyz,Domain
starbuckscenter.yachts,Domain
starbucksevent.autos,Domain
starbucksevent.beauty,Domain
starbucksevent.boats,Domain
starbucksevent.bond,Domain
starbucksevent.cam,Domain
starbucksevent.cfd,Domain
starbucksevent.click,Domain
starbucksevent.com,Domain
starbucksevent.fun,Domain
starbucksevent.gay,Domain
starbucksevent.guru,Domain
starbucksevent.homes,Domain
starbucksevent.life,Domain
starbucksevent.lol,Domain
starbucksevent.makeup,Domain
starbucksevent.mom,Domain
starbucksevent.motorcycles,Domain
starbucksevent.net,Domain
starbucksevent.quest,Domain
starbucksevent.rest,Domain
starbucksevent.sbs,Domain
starbucksevent.shop,Domain
starbucksevent.skin,Domain
starbucksevent.store,Domain
starbucksevent.tattoo,Domain
starbucksevent.today,Domain
starbucksevent.top,Domain
starbucksevent.xyz,Domain
starbucksevent.yachts,Domain
starbucksfirst.icu,Domain
starbucksgoodsnft.click,Domain
starbucksgreenapron.bond,Domain
starbucksnft-service.xyz,Domain
starbucksnftservice.homes,Domain
starbucksservice.homes,Domain
starbucls.top,Domain
starbucls.xyz,Domain
starglowventures.com,Domain
statcounters.net,Domain
stdheritb.com,Domain
stepwebtech.com,Domain
stockdata.tech,Domain
stockinfo.io,Domain
stocksindex.org,Domain
stocksitem.org,Domain
stockslab.org,Domain
str8fire-team.network,Domain
stracarrara.org,Domain
strainservice.com,Domain
stratosshipping.com,Domain
stream-football.org,Domain
streamf.ru,Domain
studyholic.co.kr,Domain
style1.co.kr,Domain
su05web.us,Domain
sumy.fun,Domain
sunahromeoenterprise.online,Domain
sunbutterfly.meme,Domain
sunflowbikes.com,Domain
sunlin.org,Domain
superdocsoff.com,Domain
superstarscanner.com,Domain
superstatefund.co,Domain
support-ledger.net,Domain
support-pishgam.site,Domain
swedishmassageamsterdam.nl,Domain
swifttechnology.tech,Domain
swissborg.blog,Domain
swt-keystonevalve.com,Domain
syadplus.com,Domain
syncgrass.com,Domain
syncmeet.online,Domain
syneritesystems.co.ke,Domain
synternetlab.com,Domain
systemupdate.site,Domain
systemupdate.store,Domain
tableditermanaging.pro,Domain
taditafrica.com,Domain
takinsite.ir,Domain
talent-hiring-step.com,Domain
talent-hiringstep.com,Domain
talent-hiringtalk.com,Domain
talentassesspro.com,Domain
talentcatchingtool360.com,Domain
talentcheck.pro,Domain
talentcompetency.com,Domain
talentelevate360.com,Domain
talenthireflow.com,Domain
talenthiring360.com,Domain
talenthiringexpert.com,Domain
talenthiringtool.com,Domain
talentmatchingtools.com,Domain
talentmatchingtools.net,Domain
talentmonitoringtool.com,Domain
talentscreeningtool.com,Domain
talentsnaptest.com,Domain
talenttracker.us,Domain
talentvideopro.com,Domain
talentvidintro.com,Domain
talentview360.com,Domain
talesseries.com,Domain
tamilnadusoftwaresolutions.com,Domain
tamizhiautomatetechnology.in,Domain
tangowithcolette.com,Domain
tdlgzoom.com,Domain
team-meet.online,Domain
team-meet.xyz,Domain
team-meeting.net,Domain
team-meeting.pro,Domain
team-meeting.xyz,Domain
teamspit.pro,Domain
techdesignshop.com,Domain
techfellow.in,Domain
techflixo.com,Domain
techspheresolution.in,Domain
tecnojournals.com,Domain
teenbeanjs.com,Domain
telloo.io,Domain
tensormesh.ai,Domain
tenspick.shop,Domain
terrawizz.com,Domain
teslacontrols.ir,Domain
test-wolf.com,Domain
test29292.com,Domain
testforhire.com,Domain
testwolf-assessment.com,Domain
testwolfpro.com,Domain
thaibit.io,Domain
theblackout.fr,Domain
theboxart.xyz,Domain
thecloudnet.org,Domain
thediversityandinclusionteam.com,Domain
theeffectiveengineeringleader.com,Domain
thefifodoc.online,Domain
theforceawakenstoys.com,Domain
thehubservice.cloud,Domain
thek-portal.com,Domain
thelightstower.com,Domain
theorigin.co.kr,Domain
thestreetsmartsalesman.com,Domain
thesurepass.com,Domain
thetalkingcanvas.com,Domain
theusaseries.com,Domain
thevagabondsatchel.com,Domain
thewebecho.com,Domain
thilinasakuna.com,Domain
threatray.com,Domain
threegood.cc,Domain
tiktoks.bio,Domain
tiramisu.it,Domain
titaniums.de,Domain
toapply.me,Domain
tokenais.com,Domain
tokentracking.info,Domain
toolshare.cloud,Domain
topinnomastertech.com,Domain
toptalentassess.com,Domain
torgirf.ru,Domain
totalmateria.net,Domain
touhid.tech,Domain
towingoperations.com,Domain
toysbagonline.com,Domain
tpddata.com,Domain
tptf.cloud,Domain
tptf.ltd,Domain
trailads.net,Domain
transferwiser.io,Domain
transplugin.io,Domain
trashcrease.com,Domain
treelifeups.com,Domain
tresordocs.com,Domain
trollinguneaten.org,Domain
tronslog.com,Domain
trophylab.com,Domain
truesouthstl.com,Domain
trustmeeting.live,Domain
trustmeeting.online,Domain
trustwavecybersecurity.info,Domain
truthwillsetyoufree.online,Domain
tsf8.com,Domain
tskautomations.com,Domain
turacodi.com,Domain
turkishmob.com,Domain
turnscor.com,Domain
twosigma-vc.com,Domain
ubi-safemeeting.live,Domain
ubi-safemeeting.online,Domain
ucware.net,Domain
udaviemayas.com,Domain
uefa-meeting.com,Domain
ugethired360.com,Domain
uk03web.us,Domain
uk06web.us,Domain
uk07web.us,Domain
ukcarservice.in,Domain
ukweb05.us,Domain
ukweb06.us,Domain
ukweb07.us,Domain
umtechnologies.de,Domain
un-call.services,Domain
unbelievableresult.site,Domain
unbelievableresult.store,Domain
undangandigital.cyou,Domain
unioncrypto.vip,Domain
unionminerscorp.com,Domain
unmannedsystemstechnology.org,Domain
unnaturalai.com,Domain
unsunozo.org,Domain
uoon.com.cn,Domain
updatecall.live,Domain
updatecheck.site,Domain
updatecheck.store,Domain
updatemycam.online,Domain
updatewebcamnow.live,Domain
urbankizomba.se,Domain
us04office.us,Domain
us04we.us,Domain
usengineergroup.com,Domain
ushrt.us,Domain
usncet.org,Domain
usweb-zoom.us,Domain
usweb02.us,Domain
vadtalmandir.org,Domain
valentinsblog.de,Domain
validator.blog,Domain
varietyjob.com,Domain
vblimitedgroup.com,Domain
vcamdriverupdate.cloud,Domain
vcamfixer.online,Domain
vcamsupport.cloud,Domain
venvietech.co.ke,Domain
verification-blockfi.com,Domain
verifydocument.online,Domain
versus-dash.us,Domain
versus-x.us,Domain
versusx.us,Domain
vfconsults.com,Domain
vhilv.com,Domain
vid-crypto-assess.com,Domain
vidassess360.com,Domain
vidassessmentmaster.com,Domain
vidassesspro.com,Domain
vidcraft.co.in,Domain
vidcruiterinterview.com,Domain
vidcruitermaster.com,Domain
video-meet.online,Domain
video-meet.site,Domain
video-meet.team,Domain
video-meet.xyz,Domain
video-meeting.online,Domain
video-meeting.team,Domain
video-meeting.xyz,Domain
video-meets.online,Domain
video-meets.pro,Domain
video-meets.site,Domain
video-meets.team,Domain
video-meets.xyz,Domain
videocallservice.live,Domain
videocarddrivers.cloud,Domain
videodriverzone.cloud,Domain
videoforrecruitment.com,Domain
videomaxgreece.com,Domain
videomeethub.online,Domain
videoplayermaxgr.com,Domain
videorecruitpro.com,Domain
videoscreening.org,Domain
videotalks.online,Domain
videotalks.site,Domain
videotechdrivers.cloud,Domain
vidfastinterviewmaster.com,Domain
vidhirehub.com,Domain
vidintermaster.com,Domain
vidinterviewmaster.com,Domain
vidintroexam.com,Domain
vidtechdrivers.com,Domain
vidtechdrv.online,Domain
vidtechhub.cloud,Domain
vidyagoyal.com,Domain
vietjetairkorea.com,Domain
view.inc,Domain
vinhsake.com,Domain
vinterview.org,Domain
viperpager.com,Domain
virtual-collab.online,Domain
visindosinergy.com,Domain
vitaminurse.com,Domain
vnfmal2022.com,Domain
vngpubgm.com,Domain
vns1389.com,Domain
voov-meeting.site,Domain
voyagorclub.space,Domain
vsservices.in,Domain
vz206llb19o.com,Domain
w3capi.marketing,Domain
waitingfor.cfd,Domain
wallet-trustwallet.us,Domain
wallpaper-flare.com,Domain
want-helper.com,Domain
warevalley.com,Domain
wassmestaazh.pro,Domain
waterdoblog.com,Domain
wavelyhire.com,Domain
waventic.com,Domain
wb-bot.org,Domain
wb-invest.net,Domain
weatherdatahub.org,Domain
web-cam.cloud,Domain
web-conference.xyz,Domain
web-meet.online,Domain
web001-zoom.us,Domain
web001zoom.us,Domain
web011zoom.us,Domain
web021zoom.us,Domain
web05zoom.us,Domain
web3fund.io,Domain
web3neptune.com,Domain
web3remotework.com,Domain
web3talentreview.com,Domain
webcamdrivers.cloud,Domain
webcamfix.cloud,Domain
webcamfixer.cloud,Domain
webcamfixer.online,Domain
webcamwizard.cloud,Domain
webcodetech.in,Domain
webhosttech.org,Domain
webli-bd.com,Domain
webmailaccount.cloud,Domain
webmeet.icu,Domain
webmeet.video,Domain
webmeet.vip,Domain
webus02.us,Domain
webus07.us,Domain
webus08.us,Domain
webus09.us,Domain
webzoom.video,Domain
wegrowup.us,Domain
weinsteinfrog.com,Domain
west-app.online,Domain
wfcwallet.com,Domain
wfinance.org,Domain
whoisraihan.com,Domain
wholecryptoloom.com,Domain
wifispeedcheck.net,Domain
wiilotalent.com,Domain
wikahmart.com,Domain
wilio-talent.net,Domain
willo-interview.us,Domain
willo-video.com,Domain
willoassess.com,Domain
willoassess.net,Domain
willoassess.org,Domain
willoassessment.com,Domain
willocandidate.com,Domain
willocandidates.com,Domain
willohire.com,Domain
willohiring.com,Domain
willohiringtalent.org,Domain
willointerview.com,Domain
willomexcvip.us,Domain
willorecruit.com,Domain
willotalant.com,Domain
willotalent.pro,Domain
willotalent.us,Domain
willotalent.xyz,Domain
willotalentes.com,Domain
willotalents.org,Domain
willovideorec.com,Domain
wilo-talent.com,Domain
winterviews.net,Domain
winwinsolutionway.com,Domain
winyourrole.com,Domain
wirexpro.com,Domain
wisemindtech.com,Domain
wndlwndmfe.xyz,Domain
wondoro.site,Domain
wonthegame.site,Domain
wordonline.cloud,Domain
workquestion.com,Domain
workwizards.org,Domain
worldenterprise-beta.com,Domain
worldfoodstory.co.uk,Domain
worldspia.kr,Domain
wpic.ink,Domain
wpsonline.co,Domain
wtalents.in,Domain
wtalents.info,Domain
wtalents.us,Domain
wtcglobalsolutions.com,Domain
xchangetrump.com,Domain
xn--12c5eglc5bd7i.site,Domain
xn--rxamia.com,Domain
xtreamdigitech.in,Domain
yakufreshperu.com,Domain
yayachuhai.top,Domain
yayun88.one,Domain
yellowlion.com,Domain
ykvinfotech.in,Domain
yoohannet.kr,Domain
yoshinorihirano.net,Domain
youdermoscopy.org,Domain
yourblogcenter.com,Domain
yourdomainhost.store,Domain
yourhelp247.com,Domain
yourstabrucks.monster,Domain
zacmaa.net,Domain
zaozaozao.tech,Domain
zawajonly.com,Domain
zeandf.com,Domain
zenspiretech.com,Domain
zephyrits.com,Domain
zincnetwork.tk,Domain
ziprecruiters.org,Domain
zkservice.cloud,Domain
zm-meeting.com,Domain
zmwebsdk.com,Domain
zndance.com,Domain
zoom-client.xyz,Domain
zoom-sdk.us,Domain
zoomhub.us,Domain
zoominvites.com,Domain
zoommeetspace.com,Domain
zoomsdk.us,Domain
zooom.in,Domain
zootiz.in,Domain
ztec.store,Domain
zyperfect.com,Domain
zzyzxz.net,Domain
123fisd.naveicoipg.online,Domain
172-86-114-141.dal.priv.octovpn.net,Domain
172-86-114-170.dal.priv.octovpn.net,Domain
2ab9.watashinonegai.ru,Domain
2daojnjnp666jla6.dropfile.online,Domain
4w9h8ps9.naveicoipa.tech,Domain
4w9h8ps9.naveicoipc.tech,Domain
6la0cwds.naveicoiph.online,Domain
7xvc.meeting-central.online,Domain
7xvc.meeting-zone.online,Domain
7xvc.roomconnect.online,Domain
7xvc.virtual-collab.online,Domain
8190ocvswfyd57v5.docsend.online,Domain
8cap.inashtech.com,Domain
9yxqida1b.naveicoiph.online,Domain
a.videotalks.site,Domain
aat1pbil.naveicoipg.online,Domain
abc.meeting-central.online,Domain
abc.meeting-zone.online,Domain
abc.preconnection.online,Domain
abc.roomconnect.online,Domain
access.support.general-meet.site,Domain
accounts.ceinbase.com,Domain
additional.work.gd,Domain
additionalpublic.work.gd,Domain
addrcheck.corecheckmailsrv.com,Domain
ade.dropfile.online,Domain
admin.alwayswelcome.online,Domain
admin.chrome-browser.cloud,Domain
admin.docsend.online,Domain
admin.docsend.site,Domain
admin.drop-box.store,Domain
admin.dropfile.online,Domain
admin.esangedu.kr,Domain
admin.general-meet.site,Domain
admin.meeting-central.online,Domain
admin.meeting-zone.online,Domain
admin.nexcloudinfo.com,Domain
admin.shcpa.co.kr,Domain
admin.support.general-meet.site,Domain
ads.inashtech.com,Domain
adzjvazj.naveicoipg.online,Domain
affiliate.support.general-meet.site,Domain
agora.assessintel.com,Domain
ai.coinhouse360.com,Domain
ai.uoon.com.cn,Domain
ajileuowl.dliklone.online,Domain
alchemy.motionassess.com,Domain
alchemy.onchainhiringtool.com,Domain
alchemy.talentscreeningtool.com,Domain
alejandro.uefa-meeting.com,Domain
alpcoin.anomgaming.online,Domain
alpha.preconnection.online,Domain
amene.homepc.it,Domain
analytic.dropfile.online,Domain
andrewmuz.ddns.net,Domain
ankly.net.bytelinker.net,Domain
ann.support.general-meet.site,Domain
aosm8cts.naveicoipg.online,Domain
api.africamall.chat,Domain
api.alwayswelcome.online,Domain
api.auto-fixer.online,Domain
api.autocamfixer.online,Domain
api.autodriverfix.online,Domain
api.autofixer.online,Domain
api.bitzone.io,Domain
api.camallupdate.cloud,Domain
api.camdriverhelp.club,Domain
api.camdriverhub.cloud,Domain
api.camdrivers.cloud,Domain
api.camdriverstore.cloud,Domain
api.camdriversupport.com,Domain
api.camera-drive.cloud,Domain
api.camera-drive.org,Domain
api.cameradriverx.cloud,Domain
api.camtechdrivers.com,Domain
api.camtuneup.online,Domain
api.chrome-browser.cloud,Domain
api.coinhar.io,Domain
api.coinpricehub.io,Domain
api.crm.koliinfotech.company,Domain
api.deepdriverupdate.online,Domain
api.detankzone.com,Domain
api.devicefixer.online,Domain
api.digipairx.com,Domain
api.docsend.site,Domain
api.docsend.store,Domain
api.drive-release.cloud,Domain
api.drivercamhub.cloud,Domain
api.drivercams.cloud,Domain
api.drivercamsupport.com,Domain
api.driversnap.cloud,Domain
api.driversofthub.online,Domain
api.driverstream.cloud,Domain
api.drivfixer.online,Domain
api.drivhost.store,Domain
api.dropfile.cloud,Domain
api.dropfile.online,Domain
api.drvfixer.online,Domain
api.ethzone.io,Domain
api.financecap.io,Domain
api.fivebit.io,Domain
api.fix-drivers.online,Domain
api.fixdiskpro.online,Domain
api.general-meet.site,Domain
api.growzy.tech,Domain
api.imoda.site,Domain
api.jquery-release.com,Domain
api.jz-aws.info,Domain
api.macamhelp.online,Domain
api.meeting-zone.online,Domain
api.nvidia-cloud.online,Domain
api.nvidia-drive.cloud,Domain
api.nvidia-release.cloud,Domain
api.nvidia-release.org,Domain
api.nvidia-release.us,Domain
api.olaestudiocreativo.com,Domain
api.provideodrivers.cloud,Domain
api.quickcamfix.online,Domain
api.quickdriverupdate.online,Domain
api.rapiddrivers.cloud,Domain
api.release-driver.online,Domain
api.release-drivers.online,Domain
api.releasedrive.live,Domain
api.retailpackagingpartner.xyz,Domain
api.shw.kr,Domain
api.smartchecker.online,Domain
api.smartdriverfix.cloud,Domain
api.smartdriverfixer.com,Domain
api.smartdrvupdate.online,Domain
api.softshare.online,Domain
api.stockdata.tech,Domain
api.stockinfo.io,Domain
api.thaibit.io,Domain
api.updatecall.live,Domain
api.updatemycam.online,Domain
api.updatewebcamnow.live,Domain
api.vblimitedgroup.com,Domain
api.vcamdriverupdate.cloud,Domain
api.vcamfixer.online,Domain
api.vcamsupport.cloud,Domain
api.videocarddrivers.cloud,Domain
api.videodriverzone.cloud,Domain
api.videotechdrivers.cloud,Domain
api.vidtechdrivers.com,Domain
api.vidtechdrv.online,Domain
api.vidtechhub.cloud,Domain
api.web-cam.cloud,Domain
api.webcamdrivers.cloud,Domain
api.webcamfix.cloud,Domain
api.webcamfixer.cloud,Domain
api.webcamfixer.online,Domain
api.webcamwizard.cloud,Domain
api.wikahmart.com,Domain
api.willoassessment.com,Domain
api.yourdomainhost.store,Domain
api.zoom-sdk.us,Domain
api.zoomsdk.us,Domain
apkv3.clarionhpdu.top,Domain
apollo.support.general-meet.site,Domain
app.blockchain-assess.com,Domain
app.blockchain-checkup.com,Domain
app.crypto-assessment.com,Domain
app.drop-box.store,Domain
app.hiring-interview.com,Domain
app.meeting-zone.online,Domain
app.skill-share.org,Domain
app.vid-crypto-assess.com,Domain
app.willo-interview.us,Domain
app.wilo-talent.com,Domain
apply.blockforgex.com,Domain
apply.blocknovas.com,Domain
apply.blocknovasllc.com,Domain
apply.dappspire.com,Domain
apply.echelonfnd.io,Domain
apply.softcloudnet.co,Domain
apply.waventic.com,Domain
arbor.companydetail.online,Domain
archax.privymeet.com,Domain
archax.skyboxdrive.cloud,Domain
archax.team-meeting.pro,Domain
archax.team-meeting.xyz,Domain
archax.trustmeeting.live,Domain
archax.videomeethub.online,Domain
archblock.candidatescope.com,Domain
archblock.careerscreeners.com,Domain
archblock.quickproassess.com,Domain
archblock.rolefit360.com,Domain
argoworkflow.chrome-browser.cloud,Domain
aria.halfpower.top,Domain
artzoneservices.freewebhostmost.com,Domain
artzoneservicesllc.freewebhostmost.com,Domain
ashlyasoftwares.ashlya.com,Domain
asl.dropfile.online,Domain
asset.crypto-ecosystem.world,Domain
aunix.run.place,Domain
aunix.work.gd,Domain
auth.dropfile.online,Domain
authenticate.azure-drive.com,Domain
authsmtp.dropfile.online,Domain
automatic.antifirmware.store,Domain
autoprotect.com.se,Domain
autoserverupdate.line.pm,Domain
aveva.roleassessor.com,Domain
axieinfinity.assessalign.com,Domain
axieinfinity.assessintel.com,Domain
axieinfinity.certifyedge360.com,Domain
axieinfinity.hirelytics360.com,Domain
ayr.dropfile.online,Domain
azure.auto-protection.cloud,Domain
azure.auto-protection.services,Domain
azure.auto-secure.cloud,Domain
azure.doc-protection.cloud,Domain
azure.doc-protection.online,Domain
azure.docs-protection.cloud,Domain
azure.docs-protection.online,Domain
azure.docs-protection.top,Domain
azure.docs-view.cloud,Domain
azure.online-protection.cloud,Domain
azure.protection-service.cloud,Domain
b.videotalks.site,Domain
b.watashinonegai.ru,Domain
ba5827bf4e00.privatepool.store,Domain
bac.dropfile.online,Domain
backed.docsend.site,Domain
backed.general-meet.site,Domain
backend.alwayswelcome.online,Domain
backend.chrome-browser.cloud,Domain
backend.docsend.site,Domain
backend.drop-box.store,Domain
backend.dropfile.cloud,Domain
backend.dropfile.online,Domain
backend.meeting-zone.online,Domain
baincapitalcrypto.zm-meeting.com,Domain
bbs.topigsnorsvin.com.ec,Domain
bcvbert.naveicoipe.tech,Domain
beta.preconnection.online,Domain
bico.tokentracking.info,Domain
bitfinex.internal-meeting.online,Domain
bitfinex.video-meet.online,Domain
bitgo.talentelevate360.com,Domain
bitscrunch.ddns.net,Domain
bitscrunch.myvnc.com,Domain
bitscrunch.presentations.life,Domain
bitscrunch.serveirc.com,Domain
bitscrunch.zapto.org,Domain
bitscrunnch.run.place,Domain
blackleopard.myvnc.com,Domain
blo.dropfile.online,Domain
blocknovas.talenthiringexpert.com,Domain
blog.br0vvnn.io,Domain
blog.evalonboard.com,Domain
blog.phylum.io,Domain
blog.reversinglabs.com,Domain
blog.sekoia.io,Domain
boa.azuredefender.online,Domain
boa.job-description.online,Domain
boa.jobdescription.online,Domain
bon.dropfile.online,Domain
book.tomming.us,Domain
bootcamp-coders.cnm.edu,Domain
bot.dropfile.online,Domain
botsc.autoupdate.xyz,Domain
bqersape.dropfile.online,Domain
brands.kavishala.com,Domain
bug.restoroad.com,Domain
buiweggajhqwj.naveicoipg.online,Domain
buttgas.vsoltech.com,Domain
care-covid19.inashtech.com,Domain
casteisland.sky-meeting.com,Domain
casteisland.team-meeting.net,Domain
castleisland.sky-meeting.com,Domain
cats.runtimerec.com,Domain
cdn.clubinfo.io,Domain
cdn.clublogos.io,Domain
cdn.documentworkspace.io,Domain
cdn.jqueryversion.net,Domain
cdn.leaguehub.net,Domain
cdn.logoeye.net,Domain
cdn.logosports.net,Domain
cdn.onlinedocview.biz,Domain
cdn.soccerlab.io,Domain
cdn.wordonline.cloud,Domain
cecomtp3.naveicoipg.online,Domain
cex.apply-camera.com,Domain
chaoslabs.abilityscan360.com,Domain
chaoslabs.motionassess.com,Domain
chaoslabs.professionalsnapshot.com,Domain
chat.blocknovas.com,Domain
cieosglobal.com.131-153-147-50.cpanel.site,Domain
circle.talentmonitoringtool.com,Domain
civ.team-meeting.net,Domain
client.livesistemas.com,Domain
cloud.bdcc.bio,Domain
cloud.beenos.biz,Domain
cloud.beyondnextventures.us,Domain
cloud.cryptyk.info,Domain
cloud.daiwa.ventures,Domain
cloud.jbic.us,Domain
cloud.mizuhogroup.uk,Domain
cloud.mufg.tokyo,Domain
cloud.optvers.net,Domain
cloud.prosec.ink,Domain
cloud.smbcgroup.uk,Domain
cloudshare.jumpshare.vip,Domain
cltpk.doomdns.org,Domain
cnbc.crypto-ecosystem.world,Domain
co.intneral-document-he-gr-me.run.place,Domain
codekrew.decrypt4.me,Domain
coinbase.abilityscan360.com,Domain
coinbase.motionassess.com,Domain
coinbase.onchainhiringtool.com,Domain
coinbase.professionalsnapshot.com,Domain
coinbase.talentelevate360.com,Domain
coinbase.talenthiringtool.com,Domain
coinbase.talentmonitoringtool.com,Domain
coinbase.talentscreeningtool.com,Domain
comma3.biz-meeting.site,Domain
comma3.videotalks.online,Domain
conferenceauth.coffeebrain.co,Domain
consensys.willoassessment.com,Domain
consult.aesthera.ninja,Domain
contato.impreza.email,Domain
contract.waventic.com,Domain
corp.cherniuk.ca,Domain
coz.dropfile.online,Domain
cpanel.inashtech.com,Domain
cpanel.wtalents.us,Domain
cpcalendars.inashtech.com,Domain
cpcontacts.inashtech.com,Domain
crm.vncgroup.com,Domain
cro.dropfile.online,Domain
crosstheages.eskillence.com,Domain
crosstheages.hirehatch360.com,Domain
crosstheages.hirelytics360.com,Domain
crosstheages.skillence360.com,Domain
crosstheages.talentelevate360.com,Domain
crtypk.run.place,Domain
crypto.blockchainworld.info,Domain
crypto.hondchain.com,Domain
cryptowave.internal-meeting.online,Domain
cryptowave.video-meet.online,Domain
cryptyk.ddns.net,Domain
cryptyk.hopto.org,Domain
cryptyk.sytes.net,Domain
cryptyk.webredirect.org,Domain
cryptykhost.work.gd,Domain
cta.inashtech.com,Domain
cta2020.inashtech.com,Domain
cybervstacks.work.gd,Domain
d.diragame.com,Domain
d.watashinonegai.ru,Domain
d1.skyboxdrive.cloud,Domain
d4yp8bphj3.naveicoiph.online,Domain
dag.dropfile.online,Domain
daiwa.azure-defender.cloud,Domain
dal-shared-22.hostwindsdns.com,Domain
dal-shared-25.hostwindsdns.com,Domain
dal-shared-37.hostwindsdns.com,Domain
database.retrots.net,Domain
day.dropfile.online,Domain
dc-aeea9bdbc87b.dropfile.online,Domain
dc-ba6f51b553e0.olidhealth.com,Domain
de.ztec.store,Domain
deadfellaz.candidatescope.com,Domain
defi.smart-contracts.blog,Domain
defianceanalytics.abilityscan360.com,Domain
defianceanalytics.easyhiringtool.com,Domain
demo.alwayswelcome.online,Domain
demo.chrome-browser.cloud,Domain
demo.docsend.site,Domain
demo.docsend.store,Domain
demo.drop-box.store,Domain
demo.dropfile.online,Domain
demo.nacos.org.ng,Domain
demo.techsaeein.com,Domain
demo2.wzcare.in,Domain
demo3.wzcare.in,Domain
dev.alwayswelcome.online,Domain
dev.chrome-browser.cloud,Domain
dev.devanshibeverages.in,Domain
dev.docsend.site,Domain
dev.docsend.store,Domain
dev.dropfile.online,Domain
dev.general-meet.site,Domain
dev.jmttrading.org,Domain
dev.meeting-zone.online,Domain
dev.microcravate.com,Domain
dev.sslsharecloud.net,Domain
dev.whatsyourcrunch.com,Domain
development-server.aduresi.com,Domain
dip.dropfile.online,Domain
ditlousolutions.co.za.154-0-174-246.cpanel.site,Domain
dmarc.fsdriveshare.org,Domain
dmarc.onlineshares.cloud,Domain
doc.cooporatestock.com,Domain
doc.documentshare.info,Domain
doc.filesaves.cloud,Domain
doc.global-link.run.place,Domain
doc.gsheetshare.org,Domain
docs.azure-protection.cloud,Domain
docs.cooporatestock.com,Domain
docs.drivegoogle.info,Domain
docs.dsharefile.tech,Domain
docs.gdriveshare.top,Domain
docs.gsheetpage.com,Domain
docs.mktrending.com,Domain
docs.panteracapital.ventures,Domain
docs.smbc-vc.com,Domain
docs.tptf.cloud,Domain
docsend.apple.work.gd,Domain
docsend.camdvr.org,Domain
docsend.theworkpc.com,Domain
document.antcapital.us,Domain
document.coto.live,Domain
document.shared-link.line.pm,Domain
document.sharedrive.ink,Domain
docusend.coto.live,Domain
doodles.careerquestion.com,Domain
doodles.carrervision.com,Domain
doodles.hirequestion.com,Domain
doodles.interviews360.com,Domain
doodles.skillquestion.com,Domain
doodles.skillquestions.com,Domain
doodles.workquestion.com,Domain
down.1230578.com,Domain
down.mykings.pw,Domain
down.privatework.buzz,Domain
download.azure-drive.com,Domain
dps.shconstmarket.com,Domain
dragonfly.cloudstore.business,Domain
dragonfly.virtual-collab.online,Domain
draper.online-meeting.xyz,Domain
drive.chrome-browser.cloud,Domain
drive.cloudplus.one,Domain
drop.skyboxdrive.cloud,Domain
drop.trailads.net,Domain
dshellelink.gcloud-share.com,Domain
dtdgwgfvr.naveicoiph.online,Domain
dun.audiocheck.store,Domain
dun.auditprovidre.online,Domain
dun.wndlwndmfe.xyz,Domain
dunamu.jp-zoom.com,Domain
ecosystem.openfort.video,Domain
edfeiyql.naveicoipg.online,Domain
edit.onlinedocview.biz,Domain
edit.wpsonline.co,Domain
einei.line.pm,Domain
eli.dropfile.online,Domain
elitedrivva-app.dabacof.com,Domain
elm.dropfile.online,Domain
email.alwayswait.online,Domain
email.dropfile.online,Domain
email.instant-patch.online,Domain
emeetings.zoominvites.com,Domain
emv1.alwayswelcome.online,Domain
emv1.chrome-browser.cloud,Domain
emv1.dropfile.cloud,Domain
emv1.dropfile.online,Domain
emv1.general-meeting.team,Domain
emv1.group-meet.online,Domain
emv1.group-meet.site,Domain
emv1.group-meeting.pro,Domain
emv1.group-meeting.team,Domain
emv1.preconnection.online,Domain
emv1.private-meet.online,Domain
emv1.team-meet.xyz,Domain
emv1.ubi-safemeeting.live,Domain
emv1.videotalks.online,Domain
en.stocksindex.org,Domain
en.stocksitem.org,Domain
en.stockslab.org,Domain
en.wfinance.org,Domain
enimvzud.mouradvps8hostwin.online,Domain
eoinlslsf.naveicoipg.online,Domain
eon.dropfile.online,Domain
eosszzc.hateoo.space,Domain
epicms.com.pk.confido360.com,Domain
ethereum.blastapi.org,Domain
etoro.careerquestion.com,Domain
exbonus.mrbasic.com,Domain
exchange.dropfile.online,Domain
explore.avertium.com,Domain
facial.anomgaming.online,Domain
fenbushi.general-meeting.team,Domain
fenbushi.private-meet.online,Domain
fenbushi.private-meet.team,Domain
fenbushi.regular-meeting.team,Domain
file.fclouddown.co,Domain
file.fsdriveshare.org,Domain
final.hiringtalent.pro,Domain
finnt.evalonboard.com,Domain
fix.soft-dev.online,Domain
flow.dropfile.online,Domain
fob.dropfile.online,Domain
fog.dropfile.online,Domain
food.inovetta.com,Domain
forest.groundwolf.sbs,Domain
forservercon.run.place,Domain
forum.iron-maiden.ru,Domain
forum.snowreport.gr,Domain
foundationcap.regular-meet.team,Domain
framework.careerboard.video,Domain
frameworkvc.icareerc.com,Domain
frameworkvc.ixcareers.com,Domain
frameworkvc.ixscreen.com,Domain
freezologi.com.staycalm.in,Domain
fs.digiboxes.us,Domain
ftp.artifactsbd.com,Domain
ftp.dropfile.online,Domain
funny-pictures.picphotos.net,Domain
fw.docsend.online,Domain
fwpoyktt.naveicoipg.online,Domain
fxprimus.inashtech.com,Domain
gatuga-api.cpromoter.com,Domain
gbmaudiologininstructions.esdinfra.com,Domain
gcp.webzoom.video,Domain
gdoc.wordonline.cloud,Domain
gemini.crypto-assessment.com,Domain
gemini.willoassess.com,Domain
gemini.willohiring.com,Domain
gemini.willohiringtalent.org,Domain
geminiskill.willoassessment.com,Domain
gen.dropfile.online,Domain
geocollab.wegrowup.us,Domain
gestao.simtelecomrs.com.br,Domain
gkins2p3i.naveicoiph.online,Domain
global-link.run.place,Domain
go.oncehub.co,Domain
good.commoncome.site,Domain
google.diragame.com,Domain
gowelknx.naveicoipf.online,Domain
group.evalaskatours.com,Domain
group.superstatefund.co,Domain
gumi-cryptos.group-meeting.online,Domain
gumi-cryptos.group-meeting.team,Domain
gumi-cryptos.team-meet.online,Domain
gumi-cryptos.team-meeting.xyz,Domain
gumi-cryptos.video-meet.team,Domain
hack-vc.video-meets.site,Domain
hack-vc.video-meets.xyz,Domain
happy.nanoace.co.kr,Domain
hare.1drvmicrosoft.com,Domain
hashkey.group-meeting.online,Domain
hashkey.group-meeting.team,Domain
hashkey.internal-meeting.online,Domain
hashkey.online-meet.team,Domain
hashkey.online-meet.xyz,Domain
hashkey.online-meeting.team,Domain
hashkey.online-meeting.xyz,Domain
hashkey.team-meet.online,Domain
hashkey.team-meeting.pro,Domain
hashkey.team-meeting.xyz,Domain
hashkey.video-meet.online,Domain
hashkey.video-meet.team,Domain
hashkey.video-meeting.team,Domain
help.group-meeting.online,Domain
help.mappo-on.life,Domain
help.navreplya.live,Domain
help.octo-manage.net,Domain
help.team-meet.online,Domain
help.video-meet.team,Domain
help.video-meeting.team,Domain
hicar.kalo.kr,Domain
hiring.crostox.com,Domain
hiring.waventic.com,Domain
hiring.willoassessment.com,Domain
hly.shplh.com,Domain
holi.intervu-talent.pro,Domain
home.codesharkstudio.com,Domain
hostings.webredirect.org,Domain
hpc.kau.ac.kr,Domain
hrgp.asselsolutions.com,Domain
http-qjhndbrw.roomconnect.online,Domain
https-qjhndbrw.roomconnect.online,Domain
huanying.remoteproweb.cfd,Domain
huweisge.dliklone.online,Domain
hwsrv-1033810.hostwindsdns.com,Domain
hwsrv-1091010.hostwindsdns.com,Domain
hwsrv-1093408.hostwindsdns.com,Domain
hwsrv-1275416.hostwindsdns.com,Domain
hybrid.nairobiskates.com,Domain
hysf6-baaaa-aaaag-algfa-cai.icp0.io,Domain
hytrycnc.naveicoipg.online,Domain
iao.dropfile.online,Domain
iba.dropfile.online,Domain
ice.dropfile.online,Domain
ich.dropfile.online,Domain
icimp.swarkul.com,Domain
ignite.bizmeeting.org,Domain
ignite.bizmeeting.video,Domain
ignite.onlinemeet.pro,Domain
imap.dropfile.online,Domain
imap1.dropfile.online,Domain
img.kindermom.co.kr,Domain
info.floriventuresfund.com,Domain
info.racondog.shop,Domain
insights.online-meets.pro,Domain
inst.fetchtalent360.com,Domain
inst.shconstmarket.com,Domain
inter.quickskill-review.com,Domain
inter.vid-crypto-assess.com,Domain
internal-server.nextera.capital,Domain
internal.bounceme.net,Domain
internal.daiwa.ventures,Domain
internal.usncet.org,Domain
internalpdfviewer.ddns.net,Domain
interview.private-meeting.online,Domain
intneral-document-he-gr-me.run.place,Domain
intro.quickskill-review.com,Domain
intro.vid-crypto-assess.com,Domain
ipservice.kro.kr,Domain
ipv6.srv755058.hstgr.cloud,Domain
iski.silogica.net,Domain
it.zvc.capital,Domain
itcompany.ikramprofile.com,Domain
j-ic.co.intneral-document-he-gr-me.run.place,Domain
jaston.serv00.net,Domain
jbmnqpwp.naveicoipg.online,Domain
join-room.meeting-online.site,Domain
jom.diregame.live,Domain
jp.security.ntt,Domain
jvnquetbon.naveicoipg.online,Domain
kapata-arkeologi.kemdikbud.go.id,Domain
kashaccn4.naveicoiph.online,Domain
kdzdm1rq.naveicoipg.online,Domain
kerstpakketten.horesca-meppel.nl,Domain
key.sharedrive.ink,Domain
kourosh.uefa-meeting.com,Domain
kraken.group-meeting.online,Domain
kraken.group-meeting.team,Domain
kraken.livehiringpro.com,Domain
kraken.team-meet.online,Domain
kraken.video-meeting.team,Domain
ksrtcaudiologininstructions.esdinfra.com,Domain
ksrtceccsgbmaudiologininstructions.esdinfra.com,Domain
kstr.radiology.or.kr,Domain
kuadyhfnejh.meeting-hub.online,Domain
kygfkdum.naveicoipg.online,Domain
l1tog1iv.naveicoipg.online,Domain
lad.dropfile.online,Domain
lam.dropfile.online,Domain
laravel.wzshop.in,Domain
lbmwbnbieo.naveicoipg.online,Domain
lei.dropfile.online,Domain
license.cloudplus.one,Domain
lido.web05zoom.us,Domain
links.ceinbase.com,Domain
live.bankdost.in,Domain
live.econceptual.com,Domain
liwoeson.online-meet.team,Domain
liymgdc-aeea9bdbc87b.dropfile.online,Domain
liz.dropfile.online,Domain
lkpiedozd.naveicoiph.online,Domain
llm.docsend.online,Domain
login.ceinbase.com,Domain
login.ceionbase.com,Domain
login.cicoinbase.com,Domain
login.cobinase.com,Domain
login.cobinbase.com,Domain
login.coinbalse.com,Domain
login.coinblase.com,Domain
login.coinbrase.com,Domain
login.coinibrase.com,Domain
login.coininbase.com,Domain
login.docsend.online,Domain
logn.navermanagecorp.site,Domain
logn.noreplya.website,Domain
long.waitingfor.cfd,Domain
longhash.general-meet.site,Domain
longhash.video-meets.online,Domain
lostdungeon.openfort.xyz,Domain
lrakkiqr.team-meeting.pro,Domain
luc.uefa-meeting.com,Domain
m.contradecapital.com,Domain
m.docsend.online,Domain
m.dropfile.online,Domain
m21gk.wiremockapi.cloud,Domain
mail.afriinnovativetech.co.za,Domain
mail.alphabet-in.com,Domain
mail.ampreh.com.ng,Domain
mail.anifintech.xyz,Domain
mail.ankly.net,Domain
mail.apiarc.net,Domain
mail.archblock.careerscreeners.com,Domain
mail.artifactsbd.com,Domain
mail.big-typl.online,Domain
mail.bytelinker.net,Domain
mail.careerscreeners.com,Domain
mail.cieosglobal.com,Domain
mail.clicktocareers.com,Domain
mail.coreit.com.pk,Domain
mail.crypto-assess.com,Domain
mail.cyberconfidential.co.za,Domain
mail.dhruvatech.in,Domain
mail.digitpotalent.com,Domain
mail.ditlousolutions.co.za,Domain
mail.dropfile.online,Domain
mail.dropke.org,Domain
mail.earthtechnologis.co.za,Domain
mail.engedzanitechnologies.co.za,Domain
mail.eoinbase.com,Domain
mail.epicms.com.pk,Domain
mail.gangaaramtechnologies.in,Domain
mail.gethirednow.org,Domain
mail.gladneyocivpsdedinvme4.com,Domain
mail.greyspireinnovation.com,Domain
mail.hireviavideo.com,Domain
mail.imediaafrica.com,Domain
mail.interviewhub.org,Domain
mail.itfebsolutions.co.za,Domain
mail.kodecamp.org,Domain
mail.langitinfo.com,Domain
mail.layen.co,Domain
mail.lebamfinancials.com,Domain
mail.linquana.com,Domain
mail.massmedia24.com,Domain
mail.melakutamiruauditing.com,Domain
mail.micronlab.com,Domain
mail.milancyber.com,Domain
mail.mojuko.co.za,Domain
mail.namusoft.kr,Domain
mail.naveradmina.tech,Domain
mail.navercomf.link,Domain
mail.neocyon.com,Domain
mail.nexcloudinfo.com,Domain
mail.phygitaltech.in,Domain
mail.preyfoxtechnology.com,Domain
mail.privymeet.com,Domain
mail.qubemindz.com,Domain
mail.robosolutionsbd.com,Domain
mail.server1.vitesol.net,Domain
mail.shivanshitsolutions.com,Domain
mail.signalhands.co.bw,Domain
mail.sisnet.co.kr,Domain
mail.smartdevcloud.sbs,Domain
mail.support-ledger.net,Domain
mail.tamilnadusoftwaresolutions.com,Domain
mail.techspheresolution.in,Domain
mail.testforhire.com,Domain
mail.thedevsaar.com,Domain
mail.thewebecho.com,Domain
mail.trustwavecybersecurity.info,Domain
mail.undangandigital.cyou,Domain
mail.usengineergroup.com,Domain
mail.vidcraft.co.in,Domain
mail.web021zoom.us,Domain
mail.whoisraihan.com,Domain
mail.willomexcvip.us,Domain
mail.wtalents.us,Domain
mail.wtcglobalsolutions.com,Domain
mail.zacmaa.net,Domain
mail.zephyrits.com,Domain
mail.zootiz.in,Domain
mail1.dropfile.online,Domain
mail1.fuchuangonline.com,Domain
mail2.dropfile.online,Domain
mailer.dropfile.online,Domain
mailgate.dropfile.online,Domain
mailgw.dropfile.online,Domain
mailhost.dropfile.online,Domain
mailin.dropfile.online,Domain
mailout.dropfile.online,Domain
mailserver.dropfile.online,Domain
mailx.dropfile.online,Domain
manchestercity.work.gd,Domain
mantis-gewa.technisat-digital.de,Domain
mantis.jancom.pl,Domain
mantis.linkundlink.de,Domain
mantis.westlinks.net,Domain
market.contradecapital.com,Domain
maruapps.inashtech.com,Domain
maruday.inashtech.com,Domain
maruteam.inashtech.com,Domain
masilaresidency.com.fixnap.com,Domain
matias.uefa-meeting.com,Domain
mdown.showprice.xyz,Domain
meet.caladangroup.xyz,Domain
meet.capitalviabtc.com,Domain
meet.cryptowave.capital,Domain
meet.globiscapital.co,Domain
meet.globiscapitals.com,Domain
meet.hanagroup.video,Domain
meet.mythicaigames.foundation,Domain
meet.mythicalgames.foundation,Domain
meet.openfort-team.xyz,Domain
meet.picwe-team.com,Domain
meet.re7.network,Domain
meet.rwa-team.video,Domain
meet.ryzelabs.net,Domain
meet.selinicapital.online,Domain
meet.selinicapital.xyz,Domain
meet.str8fire-team.network,Domain
meet.superstatefund.co,Domain
meet.synternetlab.com,Domain
meet.twosigma-vc.com,Domain
meet.ubi-safemeeting.online,Domain
meeting.document-content.online,Domain
meeting.sellinicapital.com,Domain
meeting.work.gd,Domain
metaschool.video-meets.online,Domain
mhf8huuo.naveicoipe.tech,Domain
mileage.krb.co.kr,Domain
mk.bital.com.br,Domain
mmg3033-health-care-covid19.inashtech.com,Domain
mmg3033-health.care-covid19.inashtech.com,Domain
momls4ii.naveicoipa.tech,Domain
momls4ii.naveicoipc.tech,Domain
movis-es.ignorelist.com,Domain
ms.msteam.biz,Domain
ms.onlineshares.cloud,Domain
mse.theworkpc.com,Domain
msldkopw.naveicoipe.tech,Domain
mssrv.kro.kr,Domain
mta-sts.ubi-safemeeting.live,Domain
mx.dropfile.online,Domain
mx2.dropfile.online,Domain
myself.hopto.org,Domain
mzweb3.bu-zoom.us,Domain
mzweb3.er-zoom.us,Domain
mzweb3.jp-zoom.com,Domain
name.ownemail.me,Domain
nav.cloudcentre.space,Domain
nav.naveracom.link,Domain
nav.naveradmin06.online,Domain
nav.noreplyb.xyz,Domain
nav.portalcorpteam.com,Domain
naverk.myvnc.com,Domain
ncode.neoays.com,Domain
neoays.com.ymcgroups.com,Domain
net.lightkingstar.com,Domain
ngc.private-meet.xyz,Domain
ngc.regular-meet.site,Domain
ngc.regular-meeting.site,Domain
ngc.regular-meeting.team,Domain
nin.navercop.link,Domain
nlog.noreplyb.space,Domain
nredial.navermailteam.online,Domain
ns.dropfile.online,Domain
ns1.big-typl.online,Domain
ns1.coponde.com,Domain
ns1.dropfile.online,Domain
ns1.salessgroupss.live,Domain
ns2.bizsupport365.com,Domain
ns2.contentverge.com,Domain
ns2.dropfile.online,Domain
ns2.salessgroupss.live,Domain
ns2.videotalks.online,Domain
ny.silvergatehr.com,Domain
official.googleproduct.org,Domain
ok.preconnection.online,Domain
okx.hiringinterview360.com,Domain
okx.internal-meeting.online,Domain
okx.talenthiring360.com,Domain
okx.video-meet.online,Domain
okx.video-meeting.team,Domain
ollie.videotalks.online,Domain
olsnvolqwe.naveicoipg.online,Domain
one.microshare.cloud,Domain
onedrive.azure-defender.cloud,Domain
onelao.line.pm,Domain
online.stdheritb.com,Domain
open.googlesheetpage.org,Domain
open.onlinecloud.cloud,Domain
openfort.businessmeet.xyz,Domain
orangecake.work.gd,Domain
origin.blackleopard.world,Domain
ourhome.o-r.kr,Domain
panda.ourhome.o-r.kr,Domain
parallel.assesspro360.com,Domain
parallel.eskillora.com,Domain
parallel.eskillprov.com,Domain
partner.hartmanmcapital.com,Domain
partners.boolnetwork.xyz,Domain
pay.resumegenie.us,Domain
paycount.webbs-information.login.udaviemayas.com,Domain
pdf.cisco-webex.online,Domain
pepperstone.inashtech.com,Domain
php.wzshop.in,Domain
pms.nninc.co.kr,Domain
pop.dropfile.online,Domain
pop3.dropfile.online,Domain
portal.gfinanzen.net,Domain
post.dropfile.online,Domain
postmaster.dropfile.online,Domain
privacy.hopto.org,Domain
privatemake.bounceme.net,Domain
product.onlinedoc.dev,Domain
projectcell.niv.co.in,Domain
prosaham.inashtech.com,Domain
protect.antcapital.us,Domain
protect.azure-drive.com,Domain
pv5pnwlx.naveicoipg.online,Domain
qeiukdemo.docsend.store,Domain
qogngnslel.naveicoipg.online,Domain
qwerty.creativehonduras.com,Domain
real.unbelievableresult.store,Domain
rec.vid-crypto-assess.com,Domain
recent.bico-news.blog,Domain
recruitment.raystechserv.com,Domain
red.naveradmin07.site,Domain
red.nidnavere.online,Domain
relay.dropfile.online,Domain
remote.dropfile.online,Domain
remote.envy-labs.com,Domain
republic.biz-zoom.us,Domain
republic.bu-zoom.us,Domain
republic.cr-zoom.us,Domain
republic.er-zoom.us,Domain
republic.extrazoom.us,Domain
republic.innerteams.us,Domain
republic.officezoom.us,Domain
republic.pre-zoom.us,Domain
republic.usweb-zoom.us,Domain
republic.web021zoom.us,Domain
riccardo.uefa-meeting.com,Domain
ripple.quizterview.com,Domain
ripple.speakure.com,Domain
robinhood.eskillfolio.com,Domain
robinhood.eskillpilot.com,Domain
robinhood.eskillprof.com,Domain
robinhood.evalvidz.com,Domain
robinhood.interview.org,Domain
robinhood.intervwolf.com,Domain
robinhood.intro-crypto-assess.com,Domain
robinhood.quickskill-review.com,Domain
robosolutionsbd.com.jamiatulabrargouripur.com,Domain
rwa.business-zoom.us,Domain
rwa.businessmeet.xyz,Domain
rxpz7z2yi8.naveicoiph.online,Domain
ryze.privymeet.com,Domain
ryzelabs.private-meeting.site,Domain
sac.najatelecom.com.br,Domain
sac.onecenter.com.br,Domain
safe.doc-share.cloud,Domain
sales.alitho.com,Domain
sammy.uefa-meeting.com,Domain
sap.misapor.ch,Domain
sea-shared-10.hostwindsdns.com,Domain
sec.naveralert.link,Domain
secure.azure-protect.cloud,Domain
secure.azure-protection.cloud,Domain
secure.azure-protection.online,Domain
secure.dropfile.online,Domain
secure.greendottb.com,Domain
secure.greendtb.com,Domain
secure.paycount.webbs-information.login.udaviemayas.com,Domain
server.dropfile.online,Domain
server1.vitesol.net,Domain
sfdfsdf.icareerc.com,Domain
shahnaz.inashtech.com,Domain
share.1drvmicrosoft.com,Domain
share.bloomcloud.org,Domain
share.cloudmgmt.org,Domain
share.devprocloud.com,Domain
share.fsdriveshare.org,Domain
share.googlefiledrive.com,Domain
share.onedrvfile.site,Domain
share.prosec.ink,Domain
share.stablemarket.org,Domain
shared-link.line.pm,Domain
shared.box-docsend.cloud,Domain
shared.box-docsend.online,Domain
shared.doc-send.cloud,Domain
shared.drop-box.cloud,Domain
shared.dropbox-docsend.cloud,Domain
shared.dropbox-docsend.online,Domain
sharemanage.elwoodasset.xyz,Domain
sheet.tresordocs.com,Domain
shimacapital.abilityscan360.com,Domain
shimacapital.easyhiringtool.com,Domain
shop.newsbtctech.com,Domain
signum.group-meeting.pro,Domain
signverydn.sharebusiness.xyz,Domain
silencio.webzoom.video,Domain
silvermine.web05zoom.us,Domain
silverrabbit.wegrowup.us,Domain
singlelink.work.gd,Domain
sistema.celllab.com.br,Domain
skalelabs.as-zoom.us,Domain
skalelabs.bu-zoom.us,Domain
skalelabs.cr-zoom.us,Domain
skalelabs.en-zoom.us,Domain
skalelabs.mediaprime.team,Domain
skalelabs.pre-zoom.us,Domain
skalelabs.usweb-zoom.us,Domain
skill.vidassessmentmaster.com,Domain
skill.vidcruiterinterview.com,Domain
skill.vidcruitermaster.com,Domain
smtp.dropfile.online,Domain
smtp1.dropfile.online,Domain
smtp2.dropfile.online,Domain
smtpauth.dropfile.online,Domain
smtps.dropfile.online,Domain
sniper.inashtech.com,Domain
solana.validator.blog,Domain
spam.dropfile.online,Domain
srv587993.hstgr.cloud,Domain
srv755058.hstgr.cloud,Domain
stage.bizmeet.online,Domain
stage.bizmeet.org,Domain
stage.bizmeet.pro,Domain
stage.contradecapital.com,Domain
stagging-apiresources.caspiansr.kz,Domain
staging.alwayswelcome.online,Domain
staging.chrome-browser.cloud,Domain
staging.docsend.site,Domain
staging.docsend.store,Domain
staging.dropfile.online,Domain
staging.meeting-zone.online,Domain
staging.vhilv.com,Domain
str8fire.businessmeet.xyz,Domain
stress.antiviruscheck.site,Domain
sub.naverbcom.link,Domain
suntcijm.mouradvps43hostwin.online,Domain
support.cisco-webex.online,Domain
support.cloudstore.business,Domain
support.cryptowave.capital,Domain
support.docsend.site,Domain
support.general-meet.site,Domain
support.general-meeting.team,Domain
support.group-meeting.online,Domain
support.group-meeting.pro,Domain
support.group-meeting.team,Domain
support.internal-meeting.online,Domain
support.internal-meeting.site,Domain
support.medicalinthecloud.com,Domain
support.meetcentralhub.online,Domain
support.meeting-zone.online,Domain
support.online-meet.xyz,Domain
support.pilotview.cloud,Domain
support.private-meeting.online,Domain
support.privymeet.com,Domain
support.regular-meet.online,Domain
support.regular-meet.team,Domain
support.safe-meeting.online,Domain
support.skyboxdrive.cloud,Domain
support.syncmeet.online,Domain
support.team-meet.online,Domain
support.team-meeting.xyz,Domain
support.trustmeeting.live,Domain
support.trustmeeting.online,Domain
support.ubi-safemeeting.live,Domain
support.ubi-safemeeting.online,Domain
support.video-meet.online,Domain
support.video-meet.site,Domain
support.video-meet.team,Domain
support.video-meet.xyz,Domain
support.video-meeting.online,Domain
support.video-meeting.team,Domain
support.video-meeting.xyz,Domain
support.video-meets.online,Domain
support.video-meets.site,Domain
support.videotalks.online,Domain
support.virtual-collab.online,Domain
support.waventic.com,Domain
sys.antiviruscheck.store,Domain
sys.updatecheck.site,Domain
tag-cloud-photo.freeware.filetransit.com,Domain
talent.willo-interview.us,Domain
tales.dliklone.online,Domain
team.msteam.biz,Domain
tech.micrsofts.com,Domain
tech.micrsofts.tech,Domain
technical-support.group-meeting.team,Domain
technical-support.internal-meeting.online,Domain
technical-support.safe-meeting.online,Domain
technical-support.team-meet.online,Domain
technical-support.video-meet.online,Domain
technical-support.virtual-collab.online,Domain
techspheresolution.in.junctionarts.in,Domain
tellus.evalonboard.com,Domain
temp.cybertouch.tech,Domain
test.yourhelp247.com,Domain
theta.apply-camera.com,Domain
theta.evalonboard.com,Domain
thorequities.eskillence.com,Domain
thorequities.skillence360.com,Domain
tiena.einei.line.pm,Domain
toa.mygametoa.com,Domain
tob.mygametoa.com,Domain
tofysz6a.naveicoipa.tech,Domain
tofysz6a.naveicoipc.tech,Domain
tom.uefa-meeting.com,Domain
tonses.dliklone.online,Domain
tp0rw6ie.naveicoipg.online,Domain
tradeboard.mefound.com,Domain
tricodeblog.abiyz.com,Domain
troubleshoot.group-meeting.team,Domain
troubleshoot.internal-meeting.online,Domain
troubleshoot.team-meeting.xyz,Domain
trustwavecybersecurity.cxstocktrade.com,Domain
twlekqnwl.naveicoipg.online,Domain
tyidrtu.naveicoipe.tech,Domain
ubisoft.group-meeting.online,Domain
ubisoft.internal-meeting.online,Domain
ubisoft.safe-meeting.online,Domain
ubisoft.trustmeeting.live,Domain
ubsrcr.zugy.online,Domain
ui.gcp.po.ateme.ninja,Domain
uktyukb.naveicoipe.tech,Domain
uniswap.assessforhire.com,Domain
uniswap.prehireiq.com,Domain
uniswap.quizterview.com,Domain
uniswap.speakure.com,Domain
up.digifincx.com,Domain
up.myemail.works,Domain
update.jquerycloud.io,Domain
update.toythieves.com,Domain
upland.toapply.me,Domain
upload.childu.co.kr,Domain
upport.docsend.site,Domain
urm1o6h0.naveicoipg.online,Domain
us.meeting.document-content.online,Domain
us13.yayachuhai.top,Domain
uzzmuqwv.naveicoipa.tech,Domain
uzzmuqwv.naveicoipc.tech,Domain
vega.mh-tec.jp,Domain
verify.azure-protect.online,Domain
vern.thehubservice.cloud,Domain
viabtc.webmeet.video,Domain
viabtc.webmeet.vip,Domain
vid.blockchain-assess.com,Domain
vid.intro-crypto-assess.com,Domain
vid.willoassess.com,Domain
video.coinhouse360.com,Domain
vkqrwl00.naveicoipe.tech,Domain
vm2rjonq.naveicoipg.online,Domain
vmware-probe.zol.co.zw,Domain
vnwoei.naveicoipg.online,Domain
voldemort.myvnc.com,Domain
vpn.contradecapital.com,Domain
w.wzshop.in,Domain
waterdrip.group-meeting.pro,Domain
web.auditprovidre.site,Domain
web.commoncome.online,Domain
web.halfpower.top,Domain
web.interzoom.us,Domain
web.shconstmarket.com,Domain
web.videoscreening.org,Domain
web.zoomhub.us,Domain
web3.auditprovidre.store,Domain
web3fund.as-zoom.us,Domain
web3fund.en-zoom.us,Domain
webbs-information.login.udaviemayas.com,Domain
webdisk.inashtech.com,Domain
webmail.dropfile.online,Domain
webmail.inashtech.com,Domain
welcome.newcoming.cfd,Domain
werhiring.willomexcvip.us,Domain
whoisraihan.com.bytelinker.net,Domain
wideocean.run.place,Domain
wintermute.workquestion.com,Domain
wizard.inashtech.com,Domain
workiva.roleassessor.com,Domain
wps.wpsonline.co,Domain
wrhehdfg.naveicoipe.tech,Domain
ww16.documentshare.info,Domain
ww25.ann.dropfile.online,Domain
ww25.dit.dropfile.online,Domain
ww25.dropfile.online,Domain
ww25.eli.dropfile.online,Domain
ww25.lad.dropfile.online,Domain
ww38.asl.dropfile.online,Domain
ww38.bed.dropfile.online,Domain
ww38.dropfile.online,Domain
ww38.gen.dropfile.online,Domain
ww38.lei.dropfile.online,Domain
www.cert.si,Domain
www.ctfiot.com,Domain
www.securonix.com,Domain
www.silentpush.com,Domain
www.validin.com,Domain
www.zoomeye.hk,Domain
www1.docsend.online,Domain
www1.dropfile.online,Domain
www2.dropfile.online,Domain
xjowihgnxcvb.naveicoipf.online,Domain
xkbaaalpha.preconnection.online,Domain
xuau0b2i.naveicoipf.online,Domain
xyy.dropfile.online,Domain
xyz.nomanstone.shop,Domain
xyz.racondog.shop,Domain
ygpsabacked.docsend.site,Domain
younginvest.wegrowup.us,Domain
yuga.hirequestion.com,Domain
yuga.ixcareer.com,Domain
yuga.jobinterviews360.com,Domain
yuga.skillquestions.com,Domain
yuga.workquestion.com,Domain
yugalabs.careerboard.video,Domain
yugalabs.icareerc.com,Domain
yugalabs.ixcareers.com,Domain
yugalabs.ixscreen.com,Domain
z8048w4.caspiansr.kz,Domain
zach.uefa-meeting.com,Domain
zeduzeventos.busqueabuse.com,Domain
zoom-meeting-web-static.eventx.com.cn,Domain
zoom.2vanx.com,Domain
zoom.app-center.download,Domain
zoom.callservice.us,Domain
zoom.communicationhub.us,Domain
zoom.downloadcenter.website,Domain
zoom.eventx.io,Domain
zoom.eventxtra.com,Domain
zoom.hanagroup.live,Domain
zoom.hk05web.us,Domain
zoom.personifyio.com,Domain
zoom.petersen.ai,Domain
zoom.qa.retrocubedev.com,Domain
zoom.su05web.us,Domain
zoom.uk03web.us,Domain
zoom.uk06web.us,Domain
zoom.uk07web.us,Domain
zoom.ukweb05.us,Domain
zoom.ukweb06.us,Domain
zoom.ukweb07.us,Domain
zoom.us04office.us,Domain
zoom.us04we.us,Domain
zoom.usweb02.us,Domain
zoom.webus02.us,Domain
zoom.webus07.us,Domain
zoom.webus08.us,Domain
zoom.webus09.us,Domain
zoomapp.downloadcenter.website,Domain
zoommetting.dev.retrocubedevs.com,Domain
zoomtomeet.pposbc.org,Domain
zoomworkspace.us.meeting.document-content.online,Domain
zora.quickproassess.com,Domain
zora.rolefit360.com,Domain
zvc1ijau.naveicoipa.tech,Domain
zvc1ijau.naveicoipc.tech,Domain
24042a8eea9b9c20af1f7bae00296b44968a068f,FileHash2
44ddabf5b5d601077936a130a2863a96d2af1c8e,FileHash2
4a8bfa28d46ae14e45a50e105e2d34f850ffa96c,FileHash2
181.53.13.189,IP
181.59.180.84,IP
216.24.215.231,IP
89.19.58.51,IP
easyjobinterview.org,Domain
hireassessment.com,Domain
hiringassessment.com,Domain
hiringassessment.net,Domain
screenquestion.org,Domain
rv882866.hstgr.cloud,Domain
